ID,food,fate,date.max,mass.max,pop,para,HS,treatment,bin,bin.type,date.death,survived,date.hatch,mass.hatch,date.3rd,mass.3rd,date.para,num.para,date.hs,date.4th,mass.4th,date.5th,mass.5th,date.6th,mass.6th,date.7th,mass.7th,date.w,mass.w,date.pupa,date.mass,mass.pupa,date.eclos,mass.eclos,sex,deformed,date.coc,date.remove,mass.remove,num.w.coc,num.w.larvae,wet,date.w.eclos,num.w.eclos,date.5th.2,mass.5th.2,date.5th.3,mass.5th.3,date.5th.4,mass.5th.4,date.6th.2,mass.6th.2,date.6th.3,mass.6th.3,date.6th.4,mass.6th.4,date.7th.2,mass.7th.2,date.7th.3,mass.7th.3,date.out,mass.out,date.cull,notes
1,TB,dead,,,Clayton,no,yes,NP HS,A,group,,no,7/11/20,1,7/17/20,54.65,,,7/17/20,7/21/20,405.1,7/25/20,2215.6,,,,,,,,,,,,,,,,,,,,,,,,,,,,,,,,,,,,,,,,7/28/20,same compartment 07/28/2020
2,TB,dead,,,Clayton,no,no,NP NHS,A,group,,no,7/11/20,1,7/17/20,40.55,,,,7/21/20,375.9,7/25/20,1752.6,,,,,,,,,,,,,,,,,,,,,,,,,,,,,,,,,,,,,,,,7/28/20,same compartment 07/28/2020
3,DC,dead,,,Clayton,no,yes,NP HS,A,group,,no,7/12/20,1,7/19/20,52.94,,,7/19/20,7/23/20,391.6,7/27/20,2457.2,,,,,,,,,,,,,,,,,,,,,,,,,,,,,,,,,,,,,,,,7/28/20,same compartment 07/28/2020
4,DC,dead,,,Clayton,no,no,NP NHS,A,group,,no,7/12/20,1,7/19/20,47.24,,,,7/22/20,181.1,7/27/20,1971.3,,,,,,,,,,,,,,,,,,,,,,,,,,,,,,,,,,,,,,,,7/28/20,same compartment 07/28/2020
5,TB,em,8/5/20,1605.72,RM,yes,yes,P HS,B,group,,yes,7/12/20,1,7/19/20,81.73,7/19/20,1,7/19/20,7/23/20,263.1,7/27/20,811.5,,,,,,,,,,,,,,8/3/20,8/5/20,1605.72,1,2,no,8/9/20,1,,,,,,,,,,,,,,,,,,,,
6,TB,em,8/5/20,3391.73,RM,yes,no,P NHS,B,group,,yes,7/12/20,1,7/19/20,48.77,7/19/20,1,,7/23/20,357.9,7/27/20,1253.7,,,,,,,,,,,,,,8/2/20,8/5/20,3391.73,94,6,no,8/7/20,94,,,,,,,,,,,,,,,,,,,,
7,TB,wowe,8/3/20,1761.2,Clayton,yes,yes,P HS,C,group,,yes,7/12/20,1,7/19/20,81.5,7/19/20,1,7/19/20,7/23/20,456.4,7/27/20,1457.6,,,,,,,,,,,,,,,,,,,,,,8/3/20,1761.2,8/10/20,1383.1,,,,,,,,,,,,,8/10/20,1383.1,8/10/20,
8,TB,em,8/4/20,4327.87,Clayton,yes,no,P NHS,C,group,,yes,7/12/20,1,7/19/20,90.06,7/19/20,3,,7/22/20,323.3,7/26/20,1540.7,,,,,,,,,,,,,,8/1/20,8/4/20,4327.87,127,4,,8/6/20,79,,,,,,,,,,,,,,,,,,,,
9,TB,wander,8/5/20,5003.7,Clayton,no,yes,NP HS,D,group,,yes,7/12/20,1,7/19/20,93.61,,,7/19/20,7/22/20,371.7,7/27/20,1706,,,,,8/5/20,5003.7,FAILED,,,,,,,,,,,,,,,,,,,,,,,,,,,,,,,,,,
10,TB,wander,7/31/20,7737.1,Clayton,no,no,NP NHS,D,group,,yes,7/12/20,1,7/19/20,60.57,,,,7/22/20,284.1,7/26/20,2126.9,,,,,7/31/20,7737.1,,8/25/20,2482.15,FAILED,,,,,,,,,,,,,,,,,,,,,,,,,,,,,,,
11,TB,wowe,8/2/20,2546.8,Clayton,yes,yes,P HS,E,group,,yes,7/12/20,1,7/19/20,63.61,7/19/20,1,7/19/20,7/22/20,263.7,7/26/20,1369.4,,,,,,,,,,,,,,,,,,,,,,8/2/20,2546.8,8/10/20,1884.2,,,,,,,,,,,,,8/10/20,1884.2,8/10/20,stuck inside molt to 6th 8/3
12,TB,em,8/8/20,2348.51,Clayton,yes,no,P NHS,E,group,,yes,7/13/20,1,7/20/20,35.28,7/20/20,2,,7/25/20,339.4,7/29/20,1246.7,,,,,,,,,,,,,,8/4/20,8/8/20,2348.51,4,60,yes,,0,,,,,,,,,,,,,,,,,,,,bled 07/20/2020
13,DC,dead,,,Clayton,yes,yes,P HS,B,group,7/29/20,no,7/12/20,1,7/20/20,50,7/20/20,2,7/20/20,7/23/20,210.5,7/28/20,668.9,,,,,,,,,,,,,,,,,,,,,,,,,,,,,,,,,,,,,,,,,Needed help molting to 5th
14,DC,em,8/4/20,2019.3,Clayton,yes,no,P NHS,B,group,,yes,7/12/20,1,7/20/20,62.09,7/20/20,2,,7/23/20,236,7/28/20,1917.8,,,,,,,,,,,,,,8/1/20,8/4/20,2019.3,113,0,no,8/6/20,113,,,,,,,,,,,,,,,,,,,,
15,TB,quink,,,RM,yes,yes,P HS,F,group,,no,7/13/20,1,7/20/20,71.16,7/20/20,2,7/20/20,7/25/20,377.3,7/29/20,1181.9,,,,,,,,,,,,,,,,,,,,,,,,,,,,,,,,,,,,,,,,7/30/20,quink
16,TB,em,8/8/20,3138.73,RM,yes,no,P NHS,F,group,,yes,7/14/20,1,7/20/20,71.86,7/20/20,3,,7/23/20,142.2,7/28/20,1223.8,,,,,,,,,,,,,,8/4/20,8/8/20,3138.73,80,0,yes,8/9/20,77,,,,,,,,,,,,,,,,,,,,
17,TB,wander,8/3/20,7537.2,Clayton,no,yes,NP HS,G,group,,yes,7/13/20,1,7/20/20,34.19,,,7/20/20,7/23/20,219.2,7/28/20,2169.7,,,,,8/3/20,7537.2,8/9/20,8/9/20,3464.73,8/31/20,1327.7,m,no,,,,,,,,,,,,,,,,,,,,,,,,,,,,
18,TB,wander,8/3/20,7339.5,Clayton,no,no,NP NHS,G,group,,yes,7/14/20,1,7/21/20,37.61,,,,7/25/20,383.7,7/29/20,2046.8,,,,,8/3/20,7339.5,8/9/20,8/9/20,3158.4,9/6/20,928.25,m,,,,,,,,,,,,,,,,,,,,,,,,,,,,,
19,TB,wowe mongo,8/16/20,14216.5,Clayton,yes,yes,P HS,H,group,,yes,7/16/20,1,7/22/20,20.29,7/22/20,2,7/22/20,7/25/20,79.6,7/28/20,361.1,8/5/20,7428.8,,,8/16/20,14216.5,FAILED,,,,,,,,,,,,,,,,,8/12/20,133433,,,,,,,,,,,,,8/12/20,133433,,Might be a 2nd 7/22
20,TB,dead,,,Clayton,yes,no,P NHS,H,group,7/24/20,no,7/12/20,1,7/22/20,8.78,7/22/20,2,,,,,,,,,,,,,,,,,,,,,,,,,,,,,,,,,,,,,,,,,,,,,,cuticle stuck restricting growth
21,DC,dead,,,Clayton,yes,yes,P HS,C,group,7/24/20,no,7/13/20,1,7/22/20,41.7,7/22/20,3,7/22/20,,,,,,,,,,,,,,,,,,,,,,,,,,,,,,,,,,,,,,,,,,,,,
22,DC,dead,,,Clayton,yes,no,P NHS,C,group,7/24/20,no,7/14/20,1,7/22/20,50.19,7/22/20,2,,,,,,,,,,,,,,,,,,,,,,,,,,,,,,,,,,,,,,,,,,,,,,
23,TB,dead,,,Clayton,yes,yes,P HS,I,group,7/24/20,no,7/15/20,1,7/22/20,30.45,7/22/20,2,7/22/20,,,,,,,,,,,,,,,,,,,,,,,,,,,,,,,,,,,,,,,,,,,,,
24,TB,em,8/8/20,2308.89,Clayton,yes,no,P NHS,I,group,,yes,7/14/20,1,7/22/20,68.73,7/22/20,2,,7/26/20,228.2,7/29/20,699.8,,,,,,,,,,,,,,8/4/20,8/8/20,2308.89,96,2,no,8/9/20,93,,,,,,,,,,,,,,,,,,,,
25,TB,wander,8/5/20,9245.5,MF,no,yes,NP HS,J,group,,yes,7/16/20,1,7/23/20,74.61,,,7/23/20,7/26/20,431.3,7/30/20,2258.1,,,,,8/5/20,9245.5,8/11/20,8/25/20,4481.72,8/31/20,1784.75,m,no,,,,,,,,,,,,,,,,,,,,,,,,,,,,
26,TB,wander,8/4/20,8571.5,RM,no,no,NP NHS,J,group,,yes,7/16/20,1,7/23/20,37.82,,,,7/26/20,225.4,7/30/20,2084.5,,,,,8/4/20,8571.5,8/9/20,8/9/20,4004.55,8/31/20,1527.97,m,no,,,,,,,,,,,,,,,,,,,,,,,,,,,,
27,TB,em,8/8/20,4060.01,Clayton,yes,yes,P HS,K,group,,yes,7/16/20,1,7/23/20,76.86,7/23/20,2,7/23/20,7/26/20,288.1,7/30/20,1544.9,,,,,,,,,,,,,,8/6/20,8/8/20,4060.01,107,0,,8/11/20,107,,,,,,,,,,,,,,,,,,,,
28,TB,dead,,,Clayton,yes,no,P NHS,K,group,7/25/20,no,7/16/20,1,7/23/20,72.31,7/23/20,3,,,,,,,,,,,,,,,,,,,,,,,,,,,,,,,,,,,,,,,,,,,,,,
29,TB,dead,,,Clayton,yes,yes,P HS,L,group,7/26/20,no,7/16/20,1,7/23/20,81.92,7/23/20,3,7/23/20,,,,,,,,,,,,,,,,,,,,,,,,,,,,,,,,,,,,,,,,,,,,,
30,TB,em,8/8/20,4150.16,Clayton,yes,no,P NHS,L,group,,yes,7/15/20,1,7/23/20,73.78,7/23/20,3,,7/26/20,230.9,7/31/20,1929,,,,,,,,,,,,,,8/5/20,8/8/20,4150.16,188,6,no,8/10/20,181,,,,,,,,,,,,,,,,,,,,
31,TB,wander,8/3/20,7426.2,Clayton,no,yes,NP HS,M,group,,yes,7/15/20,1,7/23/20,99.39,,,7/23/20,7/25/20,318.5,7/29/20,1830,,,,,8/3/20,7426.2,8/9/20,8/9/20,3100.13,9/6/20,839.32,m,yes,,,,,,,,,,,,,,,,,,,,,,,,,,,,
32,TB,quink,,,MF,no,no,NP NHS,M,group,,yes,7/16/20,1,7/23/20,81.24,,,,7/26/20,221.9,,,,,,,,,,,,,,,,,,,,,,,,,,,,,,,,,,,,,,,,,,,"rustica, removed 7/27"
33,DC,wander,8/9/20,8779.3,RM,no,yes,NP HS,D,group,,yes,7/17/20,1,7/24/20,29.23,,,7/24/20,7/29/20,322,8/3/20,1559.3,,,,,8/9/20,8779.3,FAILED,,,,,,,,,,,,,,,,,,,,,,,,,,,,,,,,,,
34,DC,dead,,,RM,no,no,NP NHS,D,group,7/25/20,no,7/17/20,1,7/24/20,5.68,,,,,,,,,,,,,,,,,,,,,,,,,,,,,,,,,,,,,,,,,,,,,,,,
35,DC,dead,,,Clayton,yes,yes,P HS,E,group,7/25/20,no,7/13/20,1,7/24/20,50.66,7/24/20,2,7/24/20,,,,,,,,,,,,,,,,,,,,,,,,,,,,,,,,,,,,,,,,,,,,,bled 7/24
36,DC,dead,,,Clayton,yes,no,P NHS,E,group,7/25/20,no,7/13/20,1,7/24/20,38.08,7/24/20,3,,,,,,,,,,,,,,,,,,,,,,,,,,,,,,,,,,,,,,,,,,,,,,
37,DC,dead,,,MF,yes,yes,P HS,F,group,7/26/20,no,7/16/20,1,7/24/20,49.06,7/24/20,3,7/24/20,,,,,,,,,,,,,,,,,,,,,,,,,,,,,,,,,,,,,,,,,,,,,
38,DC,dead,,,MF,yes,no,P NHS,F,group,,no,7/16/20,1,7/24/20,30.83,7/24/20,4,,,,,,,,,,,,,,,,,,,,,,,,,,,,,,,,,,,,,,,,,,,,,,
39,TB,dead,,,Clayton,yes,yes,P HS,N,group,7/25/20,no,7/16/20,1,7/24/20,15.64,7/24/20,3,7/24/20,,,,,,,,,,,,,,,,,,,,,,,,,,,,,,,,,,,,,,,,,,,,,
40,TB,em,8/8/20,2364.21,Clayton,yes,no,P NHS,N,group,,yes,7/18/20,1,7/24/20,32.54,7/24/20,2,,7/27/20,165.6,7/31/20,1011.2,,,,,,,,,,,,,,8/5/20,8/8/20,2364.21,95,0,no,8/11/20,84,,,,,,,,,,,,,,,,,,,,
41,TB,dead,,,Clayton,yes,yes,P HS,O,group,7/27/20,no,7/18/20,1,7/24/20,41.92,7/24/20,4,7/24/20,,,,,,,,,,,,,,,,,,,,,,,,,,,,,,,,,,,,,,,,,,,,,
42,TB,dead,,,Clayton,yes,no,P NHS,O,group,7/26/20,no,7/18/20,1,7/24/20,97.59,7/24/20,2,,,,,,,,,,,,,,,,,,,,,,,,,,,,,,,,,,,,,,,,,,,,,,
43,TB,dead,,,Clayton,no,yes,NP HS,P,group,,no,7/17/20,1,7/24/20,16.12,,,7/24/20,7/27/20,16.7,,,,,,,,,,,,,,,,,,,,,,,,,,,,,,,,,,,,,,,,,,,
44,DC,wander,8/12/20,8743.3,Clayton,no,yes,NP HS,G,group,,yes,7/13/20,1,7/25/20,32,,,7/25/20,7/28/20,109.4,8/5/20,2708.5,,,,,8/12/20,8743.3,,9/4/20,3702.06,9/10/20,1890.78,f,yes,,,,,,,,,,,,,,,,,,,,,,,,,,,,
45,DC,wander,8/7/20,8556.2,Clayton,no,no,NP NHS,G,group,,yes,7/15/20,1,7/25/20,47.07,,,,7/28/20,219.4,8/2/20,1985.7,,,,,8/7/20,8556.2,,8/25/20,3574.15,9/6/20,1102.04,m,yes,,,,,,,,,,,,,,,,,,,,,,,,,,,,
46,DC,wowe mongo,8/21/20,12713.2,Clayton,yes,yes,P HS,H,group,,yes,7/17/20,1,7/25/20,39.98,7/25/20,3,7/25/20,7/29/20,261.2,8/1/20,590.9,8/7/20,3146.8,,,,,,,,,,,,,,,,,,,,,,,,,,8/15/20,12247.2,8/21/20,12713.2,8/28/20,9187.9,,,,,8/29/20,8305.9,,
47,DC,dead,,,MF,yes,no,P NHS,H,group,7/27/20,no,7/16/20,1,7/26/20,54.86,7/26/20,5,,,,,,,,,,,,,,,,,,,,,,,,,,,,,,,,,,,,,,,,,,,,,,
48,DC,dead,,,MF,yes,yes,P HS,I,group,7/28/20,no,7/16/20,1,7/26/20,61.12,7/26/20,3,7/26/20,,,,,,,,,,,,,,,,,,,,,,,,,,,,,,,,,,,,,,,,,,,,,
49,DC,dead,,,MF,yes,no,P NHS,I,group,7/27/20,no,7/16/20,1,7/26/20,38.6,7/26/20,2,,,,,,,,,,,,,,,,,,,,,,,,,,,,,,,,,,,,,,,,,,,,,,bled 7/26
50,DC,wander,8/9/20,8094.3,Clayton,no,yes,NP HS,J,group,,yes,7/18/20,1,7/26/20,57.76,,,7/26/20,7/29/20,252.3,8/3/20,1908.7,,,,,8/9/20,8094.3,,8/31/20,2670.81,9/8/20,1206.46,f,,,,,,,,,,,,,,,,,,,,,,,,,,,,,
51,DC,wander,8/9/20,7786,Clayton,no,no,NP NHS,J,group,,yes,7/15/20,1,7/26/20,37.1,,,,7/29/20,160.3,8/3/20,1557.1,,,,,8/9/20,7786,FAILED,,,,,,,,,,,,,,,,,,,,,,,,,,,,,,,,,,
52,DC,em,8/12/20,440.57,Clayton,yes,yes,P HS,K,group,,yes,7/15/20,1,7/26/20,21.59,7/26/20,2,7/26/20,7/29/20,76.1,8/2/20,325.2,,,,,,,,,,,,,,8/9/20,8/12/20,440.57,1,0,no,8/15/20,1,,,,,,,,,,,,,,,,,,,,
53,TB,wander,8/8/20,9500.2,Clayton,no,no,NP NHS,P,group,,yes,7/18/20,1,7/26/20,50.15,,,,7/29/20,386.4,8/2/20,1801.6,,,,,8/8/20,9500.2,,8/31/20,4347.36,9/6/20,2123.13,f,yes,,,,,,,,,,,,,,,,,,,,,,,,,,,,Found on the floor 8/8
54,TB,em,8/14/20,2345.98,Clayton,yes,yes,P HS,Q,group,,yes,7/19/20,1,7/26/20,76.39,7/26/20,2,7/26/20,7/30/20,235,8/5/20,1308.9,,,,,,,,,,,,,,8/10/20,8/14/20,2345.98,43,0,no,8/15/20,42,,,,,,,,,,,,,,,,,,,,
55,DC,em,8/15/20,2085.5,Clayton,yes,no,P NHS,K,group,,yes,7/15/20,1,7/27/20,37.03,7/27/20,2,,7/31/20,208.3,8/5/20,804.1,,,,,,,,,,,,,,8/11/20,8/15/20,2085.5,91,17,no,8/16/20,72,,,,,,,,,,,,,,,,,,,,
56,DC,wowe mongo,8/25/20,13390.5,Clayton,yes,yes,P HS,L,group,,yes,7/18/20,1,7/27/20,20.74,7/27/20,2,7/27/20,7/31/20,133.6,8/3/20,500.7,,,,,,,,,,,,,,,,,,,,,,8/11/20,5782.8,8/18/20,12788.6,8/25/20,13390.5,,,,,,,,,,,8/29/20,12599,,ate some of 139 08/10 - swiched to TB at some point before 8/14
57,DC,em,8/11/20,1233.53,Clayton,yes,no,P NHS,L,group,,yes,7/18/20,1,7/27/20,26.27,7/27/20,1,,7/30/20,113.7,8/2/20,428,,,,,,,,,,,,,,8/7/20,8/11/20,1233.53,70,0,no,8/12/20,70,,,,,,,,,,,,,,,,,,,,
58,DC,wander,8/13/20,9385.4,Clayton,no,yes,NP HS,M,group,,yes,7/20/20,1,7/27/20,63.94,,,7/27/20,7/30/20,274.2,8/4/20,2098,,,,,8/13/20,9385.4,FAILED,,,,,,,,,,,,,,,,,,,,,,,,,,,,,,,,,,
59,DC,wander,8/10/20,8285.3,Clayton,no,no,NP NHS,M,group,,yes,7/20/20,1,7/27/20,68.75,,,,7/29/20,191.3,8/3/20,1701.2,,,,,8/10/20,8285.3,FAILED,,,,,,,,,,,,,,,,,,,,,,,,,,,,,,,,,,
60,TB,dead,,,Clayton,yes,no,P NHS,Q,group,7/29/20,no,7/21/20,1,7/27/20,113.65,7/27/20,2,,,,,,,,,,,,,,,,,,,,,,,,,,,,,,,,,,,,,,,,,,,,,,
61,TB,dead,,,Clayton,yes,yes,P HS,R,group,7/29/20,no,7/21/20,1,7/27/20,71.66,7/27/20,2,7/27/20,,,,,,,,,,,,,,,,,,,,,,,,,,,,,,,,,,,,,,,,,,,,,
62,TB,dead,,,Clayton,yes,no,P NHS,R,group,,yes,7/21/20,1,7/27/20,86.68,7/27/20,4,,7/29/20,182.5,8/3/20,1711.7,,,,,,,,,,,,,,,,,,,,,,,,,,,,,,,,,,,,,,,,,bled 8/6
63,TB,wander,8/9/20,8471.1,Clayton,no,yes,NP HS,S,group,,yes,7/21/20,1,7/27/20,89.15,,,7/27/20,7/30/20,456.8,8/3/20,1805.2,,,,,8/9/20,8471.1,FAILED,,,,,,,,,,,,,,,,,,,,,,,,,,,,,,,,,,"bled 7/30, floor 8/9"
64,TB,wander,8/8/20,9958.7,Clayton,no,no,NP NHS,S,group,,yes,7/20/20,1,7/27/20,102.07,,,,7/29/20,279.9,8/2/20,1595.9,,,,,8/8/20,9958.7,,8/31/20,4033.14,9/6/20,1489.97,m,,,,,,,,,,,,,,,,,,,,,,,,,,,,,Found on the floor 8/8
65,TB,wowe mongo,8/23/20,16210,Clayton,yes,yes,P HS,T,group,,yes,7/21/20,1,7/27/20,76.26,7/27/20,2,7/27/20,7/30/20,260.9,8/3/20,1327.6,8/9/20,5591.5,,,,,,,,,,,,,,,,,,,,,,8/23/20,16210,,,,,,,,,,,,,8/29/20,15608.1,,
66,TB,em,8/12/20,6519.42,Clayton,yes,no,P NHS,T,group,,yes,7/21/20,1,7/27/20,86.67,7/27/20,3,,7/29/20,197.5,8/3/20,1800.6,,,,,,,,,,,,,,8/10/20,8/12/20,6519.42,182,2,no,8/15/20,160,,,,,,,,,,,,,,,,,,,,
67,TB,em,8/12/20,991.85,Clayton,yes,no,P NHS,U,group,,yes,7/21/20,1,7/27/20,55.81,7/27/20,2,,7/30/20,148.5,8/3/20,540.8,,,,,,,,,,,,,,8/9/20,8/12/20,991.85,15,1,no,8/15/20,15,,,,,,,,,,,,,,,,,,,,same bin as 068 7/29 - FIXED
68,TB,dead,,,Clayton,yes,yes,P HS,U,group,7/31/20,no,7/21/20,1,7/27/20,52.62,7/27/20,1,7/27/20,7/29/20,109.5,,,,,,,,,,,,,,,,,,,,,,,,,,,,,,,,,,,,,,,,,,,"same bin as 067 7/29, bled - FIXED"
69,TB,wander,8/10/20,7234.6,Clayton,no,yes,NP HS,V,group,,yes,7/21/20,1,7/27/20,34.05,, ,7/27/20,7/30/20,151.1,,,,,,,8/10/20,7234.6,,8/31/20,3866.71,9/7/20,1449.67,m,,,,,,,,,,,,,,,,,,,,,,,,,,,,,"same bin as 70, 8/7"
70,TB,dead,,,Clayton,no,no,NP NHS,V,group,8/8/20,no,7/19/20,1,7/27/20,87.33,,,,7/29/20,280.6,8/3/20,2380.9,,,,,,,,,,,,,,,,,,,,,,,,,,,,,,,,,,,,,,,,,"same bin as 69, 8/7"
71,DC,dead,,,Clayton,yes,yes,P HS,N,group,,yes,7/21/20,1,7/28/20,74.73,7/28/20,1,,,,,,,,,,,,,,,,,,,,,,,,,,,,,,,,,,,,,,,,,,,,,,
72,DC,dead,,,Clayton,yes,no,P NHS,N,group,7/29/20,no,7/21/20,1,7/28/20,44.07,7/28/20,2,,,,,,,,,,,,,,,,,,,,,,,,,,,,,,,,,,,,,,,,,,,,,,
73,DC,wowe mongo,8/29/20,12834.3,Clayton,yes,yes,P HS,O,group,,yes,7/21/20,1,7/28/20,63.95,7/28/20,1,,8/1/20,185.2,8/5/20,977.5,8/11/20,3651.5,,,,,,,,,,,,,,,,,,,,,,,,,,8/18/20,10008.5,8/25/20,12249.6,,,,,,,8/29/20,12834.3,,
74,DC,dead,,,Clayton,yes,no,P NHS,O,group,7/29/20,no,7/21/20,1,7/28/20,37.28,7/28/20,2,,,,,,,,,,,,,,,,,,,,,,,,,,,,,,,,,,,,,,,,,,,,,,
75,DC,wander,8/13/20,9198.6,Clayton,no,yes,NP HS,P,group,,yes,7/21/20,1,7/28/20,54.34,,,,8/1/20,191.6,8/6/20,1990.1,,,,,8/13/20,9198.6,FAILED,,,,,,,,,,,,,,,,,,,,,,,,,,,,,,,,,,discolored 7/28
76,DC,wander,8/12/20,9007.2,Clayton,no,no,NP NHS,P,group,,yes,7/21/20,1,7/28/20,47.57,,,,7/31/20,282.2,8/5/20,2269.9,,,,,8/12/20,9007.2,,9/4/20,3236,9/10/20,1179.76,m,,,,,,,,,,,,,,,,,,,,,,,,,,,,,
77,DC,dead,,,Clayton,yes,yes,P HS,Q,group,7/30/20,no,7/21/20,1,7/28/20,44.65,7/28/20,1,,,,,,,,,,,,,,,,,,,,,,,,,,,,,,,,,,,,,,,,,,,,,,
78,DC,em,8/12/20,3232.11,Clayton,yes,no,P NHS,Q,group,,yes,7/21/20,1,7/28/20,60.8,7/28/20,2,,7/31/20,261.1,8/4/20,1374.7,,,,,,,,,,,,,,8/9/20,8/12/20,3232.11,197,2,no,8/15/20,193,,,,,,,,,,,,,,,,,,,,
79,DC,wowe mongo,8/25/20,11357.2,Clayton,yes,yes,P HS,R,group,,yes,7/21/20,1,7/28/20,68.67,7/28/20,1,,8/1/20,227.2,8/5/20,719.9,8/11/20,3540.9,,,,,,,,,,,,,,,,,,,,,,,,,,8/18/20,11382.3,8/25/20,11357.2,,,,,,,8/29/20,10349.3,,
80,DC,dead,,,Clayton,yes,no,P NHS,R,group,7/29/20,no,7/21/20,1,7/28/20,39.57,7/28/20,2,,,,,,,,,,,,,,,,,,,,,,,,,,,,,,,,,,,,,,,,,,,,,,
81,DC,wander,8/11/20,8073.8,Clayton,no,yes,NP HS,S,group,,yes,7/21/20,1,7/28/20,69.12,,,,7/30/20,223.5,8/4/20,1576.7,,,,,8/11/20,8073.8,,8/31/20,3025.87,9/8/20,2109.11,f,yes,,,,,,,,,,,,,,,,,,,,,,,,,,,,
82,TB,dead,,,Clayton,yes,yes,P HS,W,group,7/30/20,no,7/22/20,1,7/28/20,62.52,7/28/20,2,,,,,,,,,,,,,,,,,,,,,,,,,,,,,,,,,,,,,,,,,,,,,,
83,TB,dead,,,Clayton,yes,no,P NHS,W,group,7/29/20,no,7/22/20,1,7/28/20,68.34,7/28/20,2,,,,,,,,,,,,,,,,,,,,,,,,,,,,,,,,,,,,,,,,,,,,,,
84,TB,em,8/20/20,4547.89,Clayton,yes,no,P NHS,X,group,,yes,7/25/20,1,8/1/20,73.72,8/1/20,2,,8/4/20,221.6,8/9/20,1510.6,,,,,,,,,,,,,,8/16/20,8/20/20,4547.89,50,1,no,8/20/20,43,,,,,,,,,,,,,,,,,,,,"bled 8/1, might be flipped with 145 - FIXED"
85,TB,dead,,,Clayton,yes,no,P NHS,X,group,7/29/20,no,7/22/20,1,7/28/20,39.22,7/28/20,1,,,,,,,,,,,,,,,,,,,,,,,,,,,,,,,,,,,,,,,,,,,,,,
86,TB,wander,8/8/20,9651.1,Clayton,no,yes,NP HS,Y,group,,yes,7/21/20,1,7/28/20,37.63,,,,7/31/20,226.5,8/4/20,1817.4,,,,,8/8/20,9651.1,,8/31/20,4190.59,9/7/20,1413.99,m,,,,,,,,,,,,,,,,,,,,,,,,,,,,,
87,TB,wander,8/10/20,8499.6,Clayton,no,no,NP NHS,Y,group,,yes,7/21/20,1,7/28/20,46.79,,,,7/31/20,367.5,8/3/20,1099.7,,,,,8/10/20,8499.6,,8/31/20,3494.89,9/7/20,1445.48,m,,,,,,,,,,,,,,,,,,,,,,,,,,,,,
88,DC,dead,,,Clayton,no,no,NP NHS,S,group,8/8/20,no,7/22/20,1,7/29/20,50.21,,,,8/1/20,237.5,8/5/20,1213.9,,,,,,,,,,,,,,,,,,,,,,,,,,,,,,,,,,,,,,,,,
89,DC,dead,,,Clayton,yes,yes,P HS,T,group,7/31/20,no,7/22/20,1,7/29/20,69.16,7/29/20,2,7/29/20,,,,,,,,,,,,,,,,,,,,,,,,,,,,,,,,,,,,,,,,,,,,,
90,DC,dead,,,Clayton,yes,no,P NHS,T,group,7/30/20,no,7/21/20,1,7/29/20,60.32,7/29/20,2,,,,,,,,,,,,,,,,,,,,,,,,,,,,,,,,,,,,,,,,,,,,,,
91,DC,dead,,,Clayton,yes,yes,P HS,U,group,7/31/20,no,7/22/20,1,7/29/20,60.83,7/29/20,2,7/29/20,,,,,,,,,,,,,,,,,,,,,,,,,,,,,,,,,,,,,,,,,,,,,
92,DC,em,8/14/20,3076.84,Clayton,yes,no,P NHS,U,group,,yes,7/22/20,1,7/29/20,41.17,7/29/20,2,,8/1/20,149.2,8/5/20,779.3,,,,,,,,,,,,,,8/10/20,8/14/20,3076.84,172,20,no,8/17/20,151,,,,,,,,,,,,,,,,,,,,
93,TB,em,8/14/20,2535.23,Clayton,yes,no,P NHS,H,group,,yes,7/22/20,1,7/29/20,62.53,7/29/20,1,,8/2/20,319.2,8/5/20,862.4,,,,,,,,,,,,,,8/10/20,8/14/20,2535.23,123,0,no,8/16/20,105,,,,,,,,,,,,,,,,,,,,
94,TB,wowe,8/18/20,1988.9,Clayton,yes,yes,P HS,I,group,,yes,7/23/20,1,7/29/20,80.65,7/29/20,1,7/29/20,8/2/20,312.8,8/5/20,929,8/11/20,1704.2,,,,,,,,,,,,,,,,,,,,,,,,,,8/18/20,1988.9,8/28/20,1908.8,,,,,,,8/29/20,1918.1,,
95,TB,em,8/14/20,3796.13,Clayton,yes,no,P NHS,K,group,,yes,7/23/20,1,7/29/20,90.05,7/29/20,1,,7/31/20,156.1,8/5/20,1427.4,,,,,,,,,,,,,,8/10/20,8/14/20,3796.13,134,3,no,8/17/20,130,,,,,,,,,,,,,,,,,,,,bled 8/3
96,TB,dead,,,Clayton,yes,yes,P HS,L,group,7/30/20,no,7/23/20,1,7/29/20,58.62,7/29/20,2,7/29/20,,,,,,,,,,,,,,,,,,,,,,,,,,,,,,,,,,,,,,,,,,,,,
97,TB,wander,8/10/20,9276.7,Clayton,no,no,NP NHS,M,group,,yes,7/23/20,1,7/29/20,52.8,,,,8/1/20,200.3,8/6/20,1643.7,,,,,8/10/20,9276.7,,8/31/20,3997.78,9/8/20,1688.67,f,,,,,,,,,,,,,,,,,,,,,,,,,,,,,bled 7/29
98,TB,wander,,,Clayton,yes,yes,P HS,N,group,,yes,7/23/20,1,7/29/20,57.8,7/29/20,2,7/29/20,8/1/20,267.9,8/5/20,1999.1,,,,,,,,,,9/8/20,1370.4,f,,,,,,,,,,,,,,,,,,,,,,,,,,,,,
99,TB,wowe mongo,8/27/20,10301.3,MF,yes,yes,P HS,O,group,,yes,7/24/20,1,7/29/20,86.52,7/29/20,2,7/29/20,8/2/20,361.5,8/5/20,1109.3,,,,,,,,,,,,,,,,,,,,,,,,,,8/27/20,10301.3,,,,,,,,,,,8/29/20,9656.6, ,only one 8/6 - it or 100 - found on floor 8/8 - FIXED
100,TB,wander*,8/8/20,8454.9,MF,yes,no,P NHS,O,group,,yes,7/24/20,1,7/29/20,86.28,7/29/20,3,,8/1/20,318.8,8/5/20,1916.8,,,,,8/8/20,8454.9,,8/31/20,3524.37,,,,,,,,,,,,,,,,,,,,,,,,,,,,,,,,only one 8/6 - it or 99 - FIXED
101,TB,wander,8/13/20,7469.7,MF,no,yes,NP HS,A,group,,yes,7/24/20,1,7/29/20,40.11,,,7/29/20,8/2/20,358.1,8/7/20,1909.2,,,,,8/13/20,7469.7,,9/4/20,3279.36,,,,,,,,,,,,,,,,,,,,,,,,,,,,,,,,
102,TB,wander,8/13/20,9665.2,MF,no,no,NP NHS,A,group,,yes,7/24/20,1,7/29/20,38.94,,,,8/2/20,337.6,8/7/20,2550.2,,,,,8/13/20,9665.2,,9/4/20,4544.78,9/12/20,2006.8,f,,,,,,,,,,,,,,,,,,,,,,,,,,,,,
103,TB,dead,,,MF,yes,yes,P HS,BA,ind,7/31/20,no,7/24/20,1,7/29/20,35.37,7/29/20,2,7/29/20,,,,,,,,,,,,,,,,,,,,,,,,,,,,,,,,,,,,,,,,,,,,,
104,TB,dead,,,MF,yes,no,P NHS,BB,ind,7/30/20,no,7/24/20,1,7/29/20,86.96,7/29/20,2,,,,,,,,,,,,,,,,,,,,,,,,,,,,,,,,,,,,,,,,,,,,,,bled 7/29
105,TB,wowe,8/13/20,1827.1,MF,yes,yes,P HS,BC,ind,,yes,7/24/20,1,7/29/20,41.25,7/29/20,1,7/29/20,8/2/20,180.2,8/6/20,774.2,8/13/20,1827.1,,,,,,,,,,,,,,,,,,,,,,,,,,8/21/20,1820.5,8/28/20,1350.3,,,,,,,8/29/20,1303.8,,bled 8/7
106,TB,dead,,,Clayton,yes,no,P NHS,BD,ind,7/30/20,no,7/23/20,1,7/29/20,46.26,7/29/20,1,,,,,,,,,,,,,,,,,,,,,,,,,,,,,,,,,,,,,,,,,,,,,,
107,TB,wander,8/11/20,4682.1,Clayton,no,yes,NP HS,BE,ind,,yes,7/23/20,1,7/29/20,41.12,,,7/29/20,8/1/20,296.3,8/5/20,1191.9,,,,,8/11/20,4682.1,,8/31/20,2534.56,9/8/20,1268.48,m,,,,,,,,,,,,,,,,,,,,,,,,,,,,,bled 8/1
108,TB,quink,,,Clayton,no,no,NP NHS,BF,ind,,yes,7/23/20,1,7/29/20,41.29,,,,8/1/20,200.3,,,,,,,,,,,,,,,,,,,,,,,,,,,,,,,,,,,,,,,,,,,quink
109,DC,wander,8/12/20,9527.9,Clayton,no,yes,NP HS,V,group,,yes,7/22/20,1,7/30/20,74.25,,,7/30/20,8/2/20,341,8/6/20,1857.1,,,,,8/12/20,9527.9,,9/4/20,3613.97,9/10/20,1654.6,f,,,,,,,,,,,,,,,,,,,,,,,,,,,,,
110,TB,em,8/15/20,2971.55,MF,yes,no,P NHS,Q,group,,yes,7/24/20,1,7/30/20,91.64,7/30/20,2,,8/2/20,225.1,8/6/20,1092.9,,,,,,,,,,,,,,8/11/20,8/15/20,2971.55,103,10,yes,8/17/20,93,,,,,,,,,,,,,,,,,,,,
111,TB,dead,,,Clayton,yes,yes,P HS,R,group,,yes,7/24/20,1,7/30/20,88.99,7/30/20,2,7/30/20,,,,,,,,,,,,,,,,,,,,,,,,,,,,,,,,,,,,,,,,,,,,,
112,TB,dead,,,Clayton,yes,no,P NHS,W,group,8/6/20,no,7/24/20,1,7/30/20,62.04,7/30/20,1,,8/2/20,150.1,,,,,,,,,,,,,,,,,,,,,,,,,,,,,,,,,,,,,,,,,,,
113,TB,dead,,,Clayton,yes,no,P NHS,X,group,7/31/20,no,7/24/20,1,7/30/20,68.26,7/30/20,1,,,,,,,,,,,,,,,,,,,,,,,,,,,,,,,,,,,,,,,,,,,,,,bled 7/30
114,TB,wowe,8/9/20,2331.1,MF,yes,yes,P HS,F,group,8/13/20,yes,7/24/20,1,7/30/20,151.33,7/30/20,1,7/30/20,7/31/20,138.9,8/5/20,1087,8/9/20,2331.1,,,,,,,,,,,,,,,,,,,,,,,,,,,,,,,,,,,,,,,dead 08/13/2020
115,TB,em,8/14/20,2700.37,MF,yes,no,P NHS,BH,ind,,yes,7/24/20,1,7/30/20,137.75,7/30/20,1,,8/1/20,286.5,8/6/20,1732.8,,,,,,,,,,,,,,8/11/20,8/14/20,2700.37,61,5,no,8/16/20,52,,,,,,,,,,,,,,,,,,,,
116,TB,dead,,,MF,yes,yes,P HS,BI,ind,,yes,7/24/20,1,7/30/20,77.3,7/30/20,1,7/30/20,,,,,,,,,,,,,,,,,,,,,,,,,,,,,,,,,,,,,,,,,,,,,
117,TB,dead,,,MF,yes,no,P NHS,BJ,ind,8/9/20,no,7/24/20,1,7/30/20,75.12,7/30/20,2,,8/2/20,133.9,8/6/20,757.7,,,,,,,,,,,,,,,,,,,,,,,,,,,,,,,,,,,,,,,,,
118,TB,wander,8/14/20,6322.2,MF,no,yes,NP HS,BK,ind,,yes,7/24/20,1,7/30/20,59.91,,,7/30/20,8/2/20,289.5,8/7/20,1662,,,,,8/14/20,6322.2,FAILED,,,,,,,,,,,,,,,,,,,,,,,,,,,,,,,,,,
119,TB,wander,8/13/20,7142.3,MF,no,no,NP NHS,BL,ind,,yes,7/24/20,1,7/30/20,65.24,,,,8/2/20,209.7,8/7/20,1805.5,,,,,8/13/20,7142.3,,9/4/20,3401.85,9/9/20,1377.01,f,yes,,,,,,,,,,,,,,,,,,,,,,,,,,,,
120,TB,dead,,,MF,yes,yes,P HS,BM,ind,7/31/20,no,7/24/20,1,7/30/20,61.29,7/30/20,1,7/30/20,,,,,,,,,,,,,,,,,,,,,,,,,,,,,,,,,,,,,,,,,,,,,
121,TB,dead,,,MF,yes,no,P NHS,BN,ind,7/31/20,no,7/24/20,1,7/30/20,93.75,7/30/20,1,,,,,,,,,,,,,,,,,,,,,,,,,,,,,,,,,,,,,,,,,,,,,,
122,TB,dead,,,Clayton,yes,yes,P HS,L,group,,yes,7/25/20,1,7/31/20,38.31,7/31/20,1,7/31/20,,,,,,,,,,,,,,,,,,,,,,,,,,,,,,,,,,,,,,,,,,,,,
123,TB,wowe mongo,8/27/20,19721.3,Clayton,yes,yes,P HS,W,group,,yes,7/25/20,1,7/31/20,39.13,7/31/20,2,7/31/20,8/4/20,284,8/7/20,899.8,8/13/20,5452.3,,,,,,,,,,,,,,,,,,,,,,,,,,8/20/20,17359.2,8/27/20,19721.3,,,,,,,8/29/20,18892.7,,
124,TB,dead,,,Clayton,yes,no,P NHS,BB,ind,8/5/20,no,7/25/20,1,7/31/20,44.17,7/31/20,1,,,,,,,,,,,,,,,,,,,,,,,,,,,,,,,,,,,,,,,,,,,,,,
125,TB,wander*,8/13/20,9039.4,Clayton,yes,no,P NHS,BD,ind,,yes,7/25/20,1,7/31/20,47.53,7/31/20,1,,8/3/20,333.1,8/7/20,2114.3,,,,,8/13/20,9039.4,,9/4/20,3800.15,9/11/20,1499.17,m,,,,,,,,,,,,,,,,,,,,,,,,,,,,,
126,TB,wander,8/13/20,8875.9,Clayton,no,yes,NP HS,BO,ind,,yes,7/25/20,1,7/31/20,59.84,,,7/31/20,8/3/20,197,8/7/20,1446.3,,,,,8/13/20,8875.9,,9/4/20,4127.49,9/10/20,1750.81,f,,,,,,,,,,,,,,,,,,,,,,,,,,,,,
127,TB,wander,8/12/20,8521.4,Clayton,no,no,NP NHS,BP,ind,,yes,7/25/20,1,7/31/20,34.76,,,,8/3/20,226.2,8/7/20,1365,,,,,8/12/20,8521.4,,9/4/20,4240.53,9/8/20,1722.78,m,yes,,,,,,,,,,,,,,,,,,,,,,,,,,,,
128,TB,wowe mongo,8/25/20,9170.1,Clayton,yes,yes,P HS,BQ,ind,,yes,7/25/20,1,7/31/20,34.94,7/31/20,2,7/31/20,8/4/20,191.5,8/9/20,1562.2,,,,,,,,,,,,,,,,,,,,,,8/18/20,8254.7,8/25/20,9170.1,,,,,,,,,,,,,8/29/20,9130.4,,
129,TB,em,8/16/20,2332.44,Clayton,yes,no,P NHS,BR,ind,,yes,7/25/20,1,7/31/20,34.77,7/31/20,1,,8/4/20,204.9,8/9/20,1356.7,,,,,,,,,,,,,,8/13/20,8/16/20,2332.44,48,0,no,8/19/20,46,,,,,,,,,,,,,,,,,,,,
130,DC,wander,8/13/20,8262.1,Clayton,no,no,NP NHS,V,group,,yes,7/23/20,1,7/31/20,43.35,,,,8/3/20,228.7,8/7/20,1277.5,,,,,8/13/20,8262.1,FAILED,,,,,,,,,,,,,,,,,,,,,,,,,,,,,,,,,,
131,DC,wowe mongo,8/28/20,14675.9,Clayton,yes,yes,P HS,W,group,,yes,7/15/20,1,7/31/20,43.48,7/31/20,2,7/31/20,8/5/20,195.4,8/10/20,1416.4,8/14/20,2866.6,,,,,,,,,,,,,,,,,,,,,,,,,,8/21/20,12416.9,8/28/20,14675.9,,,,,,,8/29/20,14469.8,,same bin as 132 8/3
132,DC,em,8/14/20,1745.62,Clayton,yes,no,P NHS,W,group,,yes,7/23/20,1,7/31/20,30.27,7/31/20,1,,8/4/20,218.5,8/7/20,729.7,,,,,,,,,,,,,,8/11/20,8/14/20,1745.62,60,1,no,8/18/20,60,,,,,,,,,,,,,,,,,,,,same bin as 131 8/3
133,DC,dead,,,Clayton,yes,yes,P HS,X,group,8/1/20,no,7/22/20,1,7/31/20,42.5,7/31/20,1,7/31/20,,,,,,,,,,,,,,,,,,,,,,,,,,,,,,,,,,,,,,,,,,,,,bled 7/31
134,DC,em,8/16/20,1848.64,Clayton,yes,no,P NHS,X,group,,yes,7/22/20,1,7/31/20,41.15,7/31/20,2,,8/4/20,184.7,8/7/20,464.7,,,,,,,,,,,,,,8/13/20,8/16/20,1848.64,90,1,no,8/18/20,88,,,,,,,,,,,,,,,,,,,,
135,TB,wander,8/13/20,9675.7,Clayton,yes,yes,P HS,R,group,,yes,7/25/20,1,7/31/20,62.86,7/31/20,1,7/31/20,8/3/20,343.4,8/8/20,2124,,,,,8/13/20,9675.7,,,,,,,,,,,,,,,,,,,,,,,,,,,,,,,,,,,bled8/3
136,TB,em,8/16/20,2882.56,Clayton,yes,no,P NHS,E,group,,yes,7/25/20,1,7/31/20,73.92,7/31/20,1,,8/3/20,210.3,8/9/20,1373.7,,,,,,,,,,,,,,8/14/20,8/16/20,2882.56,114,2,yes,8/19/20,93,,,,,,,,,,,,,,,,,,,,
137,TB,wander,8/12/20,8906.5,Clayton,no,yes,NP HS,G,group,,yes,7/25/20,1,7/31/20,83.49,,,7/31/20,8/2/20,195.9,8/6/20,1484.1,,,,,8/12/20,8906.5,,9/4/20,4086.88,9/8/20,2057.28,f,,,,,,,,,,,,,,,,,,,,,,,,,,,,,
138,TB,wander,8/11/20,8876.5,Clayton,no,no,NP NHS,G,group,,yes,7/25/20,1,7/31/20,91.5,,,,8/2/20,192.2,8/6/20,1342.9,,,,,8/11/20,8876.5,,8/31/20,3902.24,9/10/20,1709.02,f,,,,,,,,,,,,,,,,,,,,,,,,,,,,,
139,TB,em,8/18/20,1613.5,Clayton,yes,yes,P HS,L,group,,yes,7/25/20,1,7/31/20,92.64,7/31/20,1,7/31/20,8/3/20,309.5,8/7/20,934.1,,,,,,,,,,,,,,8/15/20,8/18/20,1613.5,7,1,no,8/20/20,7,,,,,,,,,,,,,,,,,,,,bled 8/3
140,TB,em,8/16/20,1890.64,Clayton,yes,no,P NHS,C,group,,yes,7/25/20,1,7/31/20,59.41,7/31/20,1,,8/5/20,295.1,8/9/20,999.3,,,,,,,,,,,,,,8/13/20,8/16/20,1890.64,38,0,no,8/19/20,38,,,,,,,,,,,,,,,,,,,,
141,TB,dead,,,Clayton,yes,yes,P HS,DG,ind,8/11/20,no,7/25/20,1,7/31/20,66.87,7/31/20,1,7/31/20,8/4/20,358,,,,,,,,,,,,,,,,,,,,,,,,,,,,,,,,,,,,,,,,,,,might have missed molt to 4
142,DC,wander,8/15/20,9133.4,Clayton,no,yes,NP HS,Y,group,,yes,7/24/20,1,8/1/20,53.89,,,8/1/20,8/4/20,227.7,8/9/20,2054.3,,,,,8/15/20,9133.4,,9/4/20,3681.65,,,,,,,,,,,,,,,,,,,,,,,,,,,,,,,,
143,DC,quink,,,Clayton,no,no,NP NHS,Y,group,,yes,7/23/20,1,8/1/20,5.61,,,,8/9/20,217,8/14/20,2675.5,,,,,,,,,,,,,,,,,,,,,,,,,,,,,,,,,,,,,,,,,"quink, missed his molt to 5th"
144,TB,em,8/18/20,1920.46,Clayton,yes,no,P NHS,U,group,,yes,7/25/20,1,8/1/20,74.5,8/1/20,1,,8/5/20,291.8,8/11/20,1693.3,,,,,,,,,,,,,,8/15/20,8/18/20,1920.46,60,2,no,8/22/20,59,,,,,,,,,,,,,,,,,,,,
145,TB,wowe mongo,8/29/20,12723.6,Clayton,yes,yes,P HS,X,group,,yes,7/22/20,1,7/28/20,57.29,7/28/20,2,7/28/20,8/1/20,266.7,8/5/20,886.9,,,,,,,,,,,,,,,,,,,,,,8/14/20,5058.8,8/21/20,9414.3,8/28/20,12710,,,,,,,,,,,8/29/20,12723.6,,might be flipped wth 084-FIXED
146,TB,wowe mongo,8/25/20,11267.8,Clayton,yes,yes,P HS,BA,ind,,yes,7/25/20,1,8/1/20,64.53,8/1/20,1,8/1/20,8/5/20,382.4,8/9/20,1994.3,,,,,,,,,,,,,,,,,,,,,,8/18/20,10087.4,8/25/20,11267.8,,,,,,,,,,,,,8/29/20,11045.9,,
147,TB,wowe,8/29/20,1438.3,Clayton,yes,yes,P HS,BM,ind,,yes,7/25/20,1,8/1/20,77.02,8/1/20,2,8/1/20,8/5/20,326.2,8/11/20,1079.5,,,,,,,,,,,,,,,,,,,,,,8/18/20,1183.5,8/25/20,1293.9,,,,,,,,,,,,,8/29/20,1438.3,,
148,TB,em,8/16/20,2419.23,Clayton,yes,no,P NHS,BN,ind,,yes,7/25/20,1,8/1/20,39.67,8/1/20,1,,8/5/20,181.5,8/9/20,924.7,,,,,,,,,,,,,,8/14/20,8/16/20,2419.23,47,0,no,8/19/20,46,,,,,,,,,,,,,,,,,,,,
149,TB,dead,,,Clayton,yes,no,P NHS,DH,ind,8/2/20,no,7/25/20,1,8/1/20,56.64,8/1/20,2,,,,,,,,,,,,,,,,,,,,,,,,,,,,,,,,,,,,,,,,,,,,,,bled 8/1
150,DC,em,8/16/20,1504.95,Clayton,yes,no,P NHS,C,group,,yes,7/23/20,1,8/2/20,26.41,8/2/20,2,,8/6/20,132.5,8/9/20,256.9,,,,,,,,,,,,,,8/14/20,8/16/20,1504.95,75,0,no,8/20/20,75,,,,,,,,,,,,,,,,,,,,swapped with 151 - FIXED
151,DC,wowe,8/24/20,1552.7,Clayton,yes,yes,P HS,C,group,,yes,7/23/20,1,8/2/20,26.52,8/2/20,1,8/2/20,8/6/20,169.4,8/10/20,755.1,8/17/20,1217.7,,,,,,,,,,,,,,,,,,,,8/24/20,1552.7,8/31/20,1355,,,,,,,,,,,,,8/31/20,1355,,swapped with 150 - FIXED
152,DC,wowe mongo,8/24/20,10936.5,Clayton,yes,yes,P HS,B,group,,yes,7/18/20,1,8/2/20,120.81,8/2/20,2,8/2/20,8/6/20,573.7,8/10/20,1977.4,,,,,,,,,,,,,,,,,,,,,,8/17/20,8603.1,8/24/20,10936.5,,,,,,,,,,,,,8/29/20,10660.1,,"Found in bin, rescued 7/29"
153,DC,wowe mongo,8/29/20,12023,Clayton,yes,yes,P HS,E,group,,yes,7/24/20,1,8/2/20,52.86,8/2/20,1,8/2/20,8/6/20,201.9,8/10/20,848.8,8/14/20,2483.5,,,,,,,,,,,,,,,,,,,,,,,,,,8/21/20,8722.6,8/28/20,11232.5,,,,,,,8/29/20,12023,,
154,TB,dead,,,Clayton,yes,no,P NHS,B,group,8/15/20,yes,7/25/20,1,8/2/20,62.14,8/2/20,2,,8/5/20,236,8/10/20,1251.2,,,,,,,,,,,,,,,,,,,,,,,,,,,,,,,,,,,,,,,,,needed help molting 8/10
155,TB,dead,,,Clayton,yes,yes,P HS,B,group,8/15/20,yes,7/25/20,1,8/2/20,60.42,8/2/20,1,8/2/20,8/7/20,293.8,8/11/20,568.6,,,,,,,,,,,,,,,,,,,,,,,,,,,,,,,,,,,,,,,,,bled 8/11
156,DC,em,8/20/20,2512.69,Clayton,yes,no,P NHS,E,group,,yes,7/25/20,1,8/3/20,53.47,8/3/20,1,,8/6/20,166.9,8/11/20,1049.1,,,,,,,,,,,,,,8/16/20,8/20/20,2512.69,167,0,no,8/21/20,115,,,,,,,,,,,,,,,,,,,,
157,DC,dead,,,Clayton,yes,yes,P HS,F,group,8/5/20,no,7/25/20,1,8/3/20,44.39,8/3/20,2,8/3/20,,,,,,,,,,,,,,,,,,,,,,,,,,,,,,,,,,,,,,,,,,,,,
158,DC,wowe mongo,9/5/20,12873.7,Clayton,yes,yes,P HS,H,group,,yes,7/25/20,1,8/3/20,18.11,8/3/20,1,8/3/20,8/7/20,66.9,8/11/20,333,8/17/20,1518.2,8/22/20,3477.3,,,,,,,,,,,,,,,,,,,,,,,,,,,,,,8/29/20,9452.9,9/5/20,12873.7,9/5/20,12873.7,,
159,DC,wowe,8/19/20,,Clayton,yes,yes,P HS,I,group,,yes,7/15/20,1,8/3/20,82.76,8/3/20,2,8/3/20,8/7/20,210.4,8/12/20,866,8/19/20,1287.9,,,,,,,,,,,,,,,,,,,,,,,,,,,,9/2/20,1006.8,,,,,,,9/2/20,1006.8,,
160,DC,em,8/22/20,2452.39,Clayton,yes,no,P NHS,I,group,,yes,7/25/20,1,8/4/20,37.51,8/4/20,2,,8/8/20,141.5,8/12/20,782.7,,,,,,,,,,,,,,8/18/20,8/22/20,2452.39,122,2,no,8/22/20,111,,,,,,,,,,,,,,,,,,,,
161,DC,em,8/22/20,1543.95,Clayton,yes,no,P NHS,N,group,,yes,7/25/20,1,8/4/20,29.71,8/4/20,1,,8/8/20,168.1,,,,,,,,,,,,,,,,8/18/20,8/22/20,1543.95,117,5,no,8/25/20,113,,,,,,,,,,,,,,,,,,,,
162,DC,em,8/22/20,2083.31,Clayton,yes,no,P NHS,O,group,,yes,7/25/20,1,8/4/20,45.46,8/4/20,1,,8/9/20,267.8,8/13/20,813.6,,,,,,,,,,,,,,8/19/20,8/22/20,2083.31,,,,,,,,,,,,,,,,,,,,,,,,,bled 8/4
163,DC,dead,,,Clayton,yes,no,P NHS,R,group,8/14/20,no,7/25/20,1,8/4/20,71.49,8/4/20,1,,8/8/20,235.2,8/13/20,1519,,,,,,,,,,,,,,,,,,,,,,,,,,,,,,,,,,,,,,,,,dead 8/14
164,DC,dead,,,Clayton,yes,yes,P HS,T,group,8/6/20,no,7/25/20,1,8/4/20,44.22,8/4/20,2,8/4/20,,,,,,,,,,,,,,,,,,,,,,,,,,,,,,,,,,,,,,,,,,,,,
165,DC,em,8/22/20,1187.69,Clayton,yes,no,P NHS,T,group,,yes,7/25/20,1,8/4/20,31.03,8/4/20,1,,8/8/20,121.7,8/13/20,946,,,,,,,,,,,,,,8/18/20,8/22/20,1187.69,149,1,no,8/25/20,107,,,,,,,,,,,,,,,,,,,,
166,DC,dead,,,Clayton,yes,yes,P HS,Q,group,8/5/20,no,7/25/20,1,8/4/20,41.46,8/4/20,1,8/4/20,,,,,,,,,,,,,,,,,,,,,,,,,,,,,,,,,,,,,,,,,,,,,
167,DC,wander,8/20/20,9087.1,Clayton,no,yes,NP HS,A,group,,yes,7/25/20,1,8/4/20,48.36,,,8/4/20,8/8/20,228.7,8/13/20,1861.2,,,,,8/20/20,9087.1,FAILED,,,,,,,,,,,,,,,,,,,,,,,,,,,,,,,,,,bled 8/4
168,DC,dead,,,Clayton,no,no,NP NHS,A,group,,yes,7/25/20,1,8/4/20,68.06,,,,8/8/20,607.2,8/11/20,1670.5,,,,,,,,,,,,,,,,,,,,,,,,,,,,,,,,,,,,,,,,,Squashed 8/13
169,DC,wander,8/20/20,8780.9,Clayton,no,no,NP NHS,D,group,,yes,7/25/20,1,8/4/20,59.47,,,,8/7/20,199.1,8/13/20,1955.7,,,,,8/20/20,8780.9,FAILED,,,,,,,,,,,,,,,,,,,,,,,,,,,,,,,,,,bled 8/4
170,DC,wowe,8/25/20,1420.1,Clayton,yes,yes,P HS,U,group,,yes,7/24/20,1,8/4/20,73.36,8/4/20,3,8/4/20,8/8/20,260.8,8/13/20,1270.8,8/18/20,1607.4,,,,,,,,,,,,,,,,,,,,,,,,,,8/25/20,1420.1,9/1/20,1317.6,,,,,,,,,,
171,DC,wowe,8/21/20,1238.8,Clayton,yes,yes,P HS,X,group,,yes,7/24/20,1,8/4/20,94.1,8/4/20,1,8/4/20,8/9/20,415.9,8/14/20,2120.9,8/30/20,1048.5,,,,,,,,,,,,,,,,,,,,8/21/20,1238.8,,,,,,,,,,,,,,,,,9/1/20,"trouble molting to 6th 8/30, dead 9/1"
172,DC,em,8/25/20,3287.69,MF,yes,no,P NHS,B,group,,yes,8/3/20,1,8/9/20,32.61,8/9/20,2,,8/13/20,228.5,8/18/20,2119.6,,,,,,,,,,,,,,8/22/20,8/25/20,3287.69,247,6,no,8/27/20,230,,,,,,,,,,,,,,,,,,,,
173,DC,em,8/25/20,1947.78,MF,yes,no,P NHS,F,group,,yes,8/3/20,1,8/9/20,34.78,8/9/20,2,,8/13/20,185.9,8/18/20,1062.3,,,,,,,,,,,,,,8/22/20,8/25/20,1947.78,75,24,no,8/27/20,64,,,,,,,,,,,,,,,,,,,,same compartment as 175 8/21 - FIXED
174,DC,dead,,,MF,no,no,NP NHS,G,group,8/11/20,no,8/2/20,1,8/9/20,13.9,,,,,,,,,,,,,,,,,,,,,,,,,,,,,,,,,,,,,,,,,,,,,,,,lost 8/11
175,DC,wowe mongo,9/8/20,15913.3,MF,yes,yes,P HS,F,group,,yes,8/3/20,1,8/10/20,83.41,8/10/20,1,8/10/20,8/14/20,209.1,8/19/20,1947.5,8/25/20,4664.7,,,,,,,,,,,,,,,,,,,,,,,,,,9/1/20,13899.8,9/8/20,15913.3,,,,,,,9/8/20,15913.3,,same compartment at 173 8/21 - FIXED
176,DC,wowe mongo,9/7/20,13212.9,MF,yes,yes,P HS,N,group,,yes,8/3/20,1,8/10/20,46.28,8/10/20,1,8/10/20,8/14/20,173.2,8/19/20,1393.8,8/24/20,3244.4,,,,,,,,,,,,,,,,,,,,,,,,,,8/31/20,10101.8,9/7/20,13212.9,,,,,,,9/7/20,13212.9,9/7/20,
177,DC,wowe,9/1/20,1166.6,MF,yes,yes,P HS,Q,group,,yes,8/3/20,1,8/10/20,38.2,8/10/20,1,8/10/20,8/14/20,188.7,8/18/20,612.5,,,,,,,,,,,,,,,,,,,,,,8/25/20,1078.5,9/1/20,1166.6,,,,,,,,,,,,,9/1/20,1166.6,,
178,DC,em,8/28/20,615.55,MF,yes,yes,P HS,T,group,,yes,8/3/20,1,8/10/20,33.01,8/10/20,1,8/10/20,8/15/20,266.5,8/18/20,573.3,,,,,,,,,,,,,,8/24/20,8/28/20,615.55,2,0,yes,,0,,,,,,,,,,,,,,,,,,,,
179,DC,wander,8/25/20,8247.8,MF,no,yes,NP HS,L,group,,yes,8/3/20,1,8/10/20,55.21,,,8/10/20,8/13/20,266.6,8/18/20,1966.4,,,,,8/25/20,8247.8,,,,,,,,,,,,,,,,,,,,,,,,,,,,,,,,,,,
180,DC,wander,8/23/20,6410,MF,no,yes,NP HS,D,group,,yes,8/3/20,1,8/10/20,46.62,,,8/10/20,8/14/20,448.5,8/18/20,1949.4,,,,,8/23/20,6410,,,,,,,,,,,,,,,,,,,,,,,,,,,,,,,,,,,
181,DC,wowe mongo,9/10/20,17200,MF,yes,yes,P HS,K,group,,yes,8/2/20,1,8/11/20,73.87,8/11/20,2,8/11/20,8/15/20,186.7,8/20/20,977.5,8/27/20,3874.5,,,,,,,,,,,,,,,,,,,,,,,,,,9/3/20,12228.2,9/10/20,17200,,,,,,,9/10/20,17200,,
182,DC,dead,,,MF,yes,no,P NHS,Q,group,8/12/20,no,8/2/20,1,8/11/20,26.65,8/11/20,1,,,,,,,,,,,,,,,,,,,,,,,,,,,,,,,,,,,,,,,,,,,,,,
183,DC,em,8/28/20,1048.76,MF,yes,no,P NHS,U,group,,yes,8/2/20,1,8/11/20,27.95,8/11/20,1,,8/15/20,128.5,8/19/20,667.6,,,,,,,,,,,,,,8/24/20,8/28/20,1048.76,56,0,no,8/30/20,54,,,,,,,,,,,,,,,,,,,,
184,DC,?,,,MF,no,no,NP NHS,M,group,,yes,8/2/20,1,8/11/20,28.35,,,,8/15/20,287.3,8/20/20,1443.5,,,,,,,,,,,,,,,,,,,,,,,,,,,,,,,,,,,,,,,,,
185,DC,wowe,9/3/20,833.8,MF,yes,yes,P HS,BS,ind,,yes,8/2/20,1,8/11/20,25.4,8/11/20,1,8/11/20,8/14/20,56.5,8/18/20,241.6,8/27/20,695.5,,,,,,,,,,,,,,,,,,,,,,,,,,9/3/20,833.8,9/10/20,560.9,,,,,,,9/10/20,560.9,,
186,DC,wander,8/29/20,7214.4,MF,yes,yes,P HS,BT,ind,,yes,8/2/20,1,8/11/20,28.52,8/11/20,1,8/11/20,8/16/20,187.3,8/21/20,1294.4,,,,,8/29/20,7214.4,,,,,,,,,,,,,,,,8/28/20,8072.9,,,,,,,,,,,,,,,,,,
187,DC,wowe mongo,9/2/20,9638.6,MF,yes,yes,P HS,BU,ind,,yes,8/3/20,1,8/11/20,74.69,8/11/20,1,8/11/20,8/15/20,215.7,8/19/20,1083.1,,,,,,,,,,,,,,,,,,,,,,,,9/2/20,9368.6,,,,,,,,,,,,,9/2/20,9638.6,,
188,DC,em,8/28/20,4714.48,MF,yes,no,P NHS,BV,ind,,yes,8/3/20,1,8/11/20,58.59,8/11/20,3,,8/15/20,343.1,8/20/20,2431.6,,,,,,,,,,,,,,8/24/20,8/28/20,4714.48,100,98,yes,8/30/20,64,,,,,,,,,,,,,,,,,,,,
189,DC,dead,,,MF,yes,yes,P HS,BJ,ind,8/13/20,no,8/2/20,1,8/12/20,54.69,8/12/20,1,8/12/20,,,,,,,,,,,,,,,,,,,,,,,,,,,,,,,,,,,,,,,,,,,,,
190,DC,dead,,,MF,yes,no,P NHS,BB,ind,8/13/20,no,8/2/20,1,8/12/20,50.66,8/12/20,1,,,,,,,,,,,,,,,,,,,,,,,,,,,,,,,,,,,,,,,,,,,,,,
191,DC,wander,8/28/20,7311.2,MF,no,yes,NP HS,BW,ind,,yes,8/2/20,1,8/12/20,38.4,,,8/12/20,,,8/22/20,2038.1,,,,,8/28/20,7311.2,,,,,,,,,,,,,,,,8/27/20,8208.4,,,,,,,,,,,,,,,,,,missed molt to 4th
192,DC,wander,8/29/20,8644.9,MF,no,no,NP NHS,BX,ind,,yes,8/2/20,1,8/12/20,46.31,,,,8/16/20,206.6,8/22/20,1709.7,,,,,8/29/20,8644.9,,,,,,,,,,,,,,,,,,,,,,,,,,,,,,,,,,,
193,DC,wowe mongo,9/13/20,12652.5,MF,yes,yes,P HS,BY,ind,,yes,8/2/20,1,8/12/20,39.05,8/12/20,1,8/12/20,8/16/20,103.2,8/22/20,599,8/30/20,2361.4,,,,,,,,,,,,,,,,,,,,,,,,,,9/6/20,9886.8,9/13/20,12652.5,,,,,,,9/13/20,12652.5,,bled 8/22?
194,DC,em,8/29/20,2725.27,MF,yes,no,P NHS,BZ,ind,,yes,8/2/20,1,8/12/20,62.07,8/12/20,2,,8/15/20,186.3,8/20/20,1423.9,,,,,,,,,,,,,,8/25/20,8/29/20,2725.27,146,5,,8/30/20,86,,,,,,,,,,,,,,,,,,,,
195,DC,wander,8/27/20,7758.8,MF,no,yes,NP HS,BD,ind,,yes,8/2/20,1,8/12/20,32.04,,,8/12/20,8/17/20,358,8/22/20,2503.3,,,,,8/27/20,7758.8,,,,,,,,,,,,,,,,,,,,,,,,,,,,,,,,,,,
196,DC,wander,8/26/20,6180,MF,no,no,NP NHS,BB,ind,,yes,8/2/20,1,8/12/20,57.08,,,,8/15/20,265.6,8/19/20,1302.4,,,,,8/26/20,6180,,,,,,,,,,,,,,,,,,,,,,,,,,,,,,,,,,,
197,DC,wowe,9/2/20,783.2,MF,yes,yes,P HS,BH,ind,,yes,8/2/20,1,8/12/20,33.08,8/12/20,2,8/12/20,8/16/20,181.8,8/19/20,507.7,,,,,,,,,,,,,,,,,,,,,,,,9/2/20,783.2,,,,,,,,,,,,,9/2/20,783.2,,
198,DC,em,8/28/20,2110.46,MF,yes,no,P NHS,BE,ind,,yes,8/4/20,1,8/13/20,20.64,8/13/20,2,,8/18/20,364.6,8/21/20,1044.3,,,,,,,,,,,,,,8/25/20,8/28/20,2110.46,107,31,no,8/30/20,106,,,,,,,,,,,,,,,,,,,,
199,DC,em,8/29/20,1679.13,MF,yes,no,P NHS,BJ,ind,,yes,8/2/20,1,8/13/20,53.5,8/13/20,1,,,,8/21/20,950.5,,,,,,,,,,,,,,8/26/20,8/29/20,1679.13,92,3,no,8/30/20,53,,,,,,,,,,,,,,,,,,,,missed molt to 4th?
200,DC,wowe mongo,9/13/20,13026,MF,yes,yes,P HS,BP,ind,,yes,8/4/20,1,8/14/20,29.09,8/14/20,1,8/14/20,8/18/20,71.3,8/24/20,392,8/30/20,2680.4,,,,,,,,,,,,,,,,,,,,,,,,,,9/6/20,10644.7,9/13/20,13026,,,,,,,9/13/20,13026,,
,,,,,,,,,,,,,,,,,,,,,,,,,,,,,,,,,,,,,,,,,,,,,,,,,,,,,,,,,,,,,,,,
,,,,,,,,,,,,,,,,,,,,,,,,,,,,,,,,,,,,,,,,,,,,,,,,,,,,,,,,,,,,,,,,
,,,,,,,,,,,,,,,,,,,,,,,,,,,,,,,,,,,,,,,,,,,,,,,,,,,,,,,,,,,,,,,,
,,,,,,,,,,,,,,,,,,,,,,,,,,,,,,,,,,,,,,,,,,,,,,,,,,,,,,,,,,,,,,,,
,,,,,,,,,,,,,,,,,,,,,,,,,,,,,,,,,,,,,,,,,,,,,,,,,,,,,,,,,,,,,,,,
,,,,,,,,,,,,,,,,,,,,,,,,,,,,,,,,,,,,,,,,,,,,,,,,,,,,,,,,,,,,,,,,
,,,,,,,,,,,,,,,,,,,,,,,,,,,,,,,,,,,,,,,,,,,,,,,,,,,,,,,,,,,,,,,,
,,,,,,,,,,,,,,,,,,,,,,,,,,,,,,,,,,,,,,,,,,,,,,,,,,,,,,,,,,,,,,,,
,,,,,,,,,,,,,,,,,,,,,,,,,,,,,,,,,,,,,,,,,,,,,,,,,,,,,,,,,,,,,,,,
,,,,,,,,,,,,,,,,,,,,,,,,,,,,,,,,,,,,,,,,,,,,,,,,,,,,,,,,,,,,,,,,
,,,,,,,,,,,,,,,,,,,,,,,,,,,,,,,,,,,,,,,,,,,,,,,,,,,,,,,,,,,,,,,,
,,,,,,,,,,,,,,,,,,,,,,,,,,,,,,,,,,,,,,,,,,,,,,,,,,,,,,,,,,,,,,,,
,,,,,,,,,,,,,,,,,,,,,,,,,,,,,,,,,,,,,,,,,,,,,,,,,,,,,,,,,,,,,,,,
,,,,,,,,,,,,,,,,,,,,,,,,,,,,,,,,,,,,,,,,,,,,,,,,,,,,,,,,,,,,,,,,
,,,,,,,,,,,,,,,,,,,,,,,,,,,,,,,,,,,,,,,,,,,,,,,,,,,,,,,,,,,,,,,,
,,,,,,,,,,,,,,,,,,,,,,,,,,,,,,,,,,,,,,,,,,,,,,,,,,,,,,,,,,,,,,,,
,,,,,,,,,,,,,,,,,,,,,,,,,,,,,,,,,,,,,,,,,,,,,,,,,,,,,,,,,,,,,,,,
,,,,,,,,,,,,,,,,,,,,,,,,,,,,,,,,,,,,,,,,,,,,,,,,,,,,,,,,,,,,,,,,
,,,,,,,,,,,,,,,,,,,,,,,,,,,,,,,,,,,,,,,,,,,,,,,,,,,,,,,,,,,,,,,,
,,,,,,,,,,,,,,,,,,,,,,,,,,,,,,,,,,,,,,,,,,,,,,,,,,,,,,,,,,,,,,,,
,,,,,,,,,,,,,,,,,,,,,,,,,,,,,,,,,,,,,,,,,,,,,,,,,,,,,,,,,,,,,,,,
,,,,,,,,,,,,,,,,,,,,,,,,,,,,,,,,,,,,,,,,,,,,,,,,,,,,,,,,,,,,,,,,
,,,,,,,,,,,,,,,,,,,,,,,,,,,,,,,,,,,,,,,,,,,,,,,,,,,,,,,,,,,,,,,,
,,,,,,,,,,,,,,,,,,,,,,,,,,,,,,,,,,,,,,,,,,,,,,,,,,,,,,,,,,,,,,,,
,,,,,,,,,,,,,,,,,,,,,,,,,,,,,,,,,,,,,,,,,,,,,,,,,,,,,,,,,,,,,,,,
,,,,,,,,,,,,,,,,,,,,,,,,,,,,,,,,,,,,,,,,,,,,,,,,,,,,,,,,,,,,,,,,
,,,,,,,,,,,,,,,,,,,,,,,,,,,,,,,,,,,,,,,,,,,,,,,,,,,,,,,,,,,,,,,,
,,,,,,,,,,,,,,,,,,,,,,,,,,,,,,,,,,,,,,,,,,,,,,,,,,,,,,,,,,,,,,,,
,,,,,,,,,,,,,,,,,,,,,,,,,,,,,,,,,,,,,,,,,,,,,,,,,,,,,,,,,,,,,,,,
,,,,,,,,,,,,,,,,,,,,,,,,,,,,,,,,,,,,,,,,,,,,,,,,,,,,,,,,,,,,,,,,
,,,,,,,,,,,,,,,,,,,,,,,,,,,,,,,,,,,,,,,,,,,,,,,,,,,,,,,,,,,,,,,,
,,,,,,,,,,,,,,,,,,,,,,,,,,,,,,,,,,,,,,,,,,,,,,,,,,,,,,,,,,,,,,,,
,,,,,,,,,,,,,,,,,,,,,,,,,,,,,,,,,,,,,,,,,,,,,,,,,,,,,,,,,,,,,,,,
,,,,,,,,,,,,,,,,,,,,,,,,,,,,,,,,,,,,,,,,,,,,,,,,,,,,,,,,,,,,,,,,
,,,,,,,,,,,,,,,,,,,,,,,,,,,,,,,,,,,,,,,,,,,,,,,,,,,,,,,,,,,,,,,,
,,,,,,,,,,,,,,,,,,,,,,,,,,,,,,,,,,,,,,,,,,,,,,,,,,,,,,,,,,,,,,,,
,,,,,,,,,,,,,,,,,,,,,,,,,,,,,,,,,,,,,,,,,,,,,,,,,,,,,,,,,,,,,,,,
,,,,,,,,,,,,,,,,,,,,,,,,,,,,,,,,,,,,,,,,,,,,,,,,,,,,,,,,,,,,,,,,
,,,,,,,,,,,,,,,,,,,,,,,,,,,,,,,,,,,,,,,,,,,,,,,,,,,,,,,,,,,,,,,,
,,,,,,,,,,,,,,,,,,,,,,,,,,,,,,,,,,,,,,,,,,,,,,,,,,,,,,,,,,,,,,,,
,,,,,,,,,,,,,,,,,,,,,,,,,,,,,,,,,,,,,,,,,,,,,,,,,,,,,,,,,,,,,,,,
,,,,,,,,,,,,,,,,,,,,,,,,,,,,,,,,,,,,,,,,,,,,,,,,,,,,,,,,,,,,,,,,
,,,,,,,,,,,,,,,,,,,,,,,,,,,,,,,,,,,,,,,,,,,,,,,,,,,,,,,,,,,,,,,,
,,,,,,,,,,,,,,,,,,,,,,,,,,,,,,,,,,,,,,,,,,,,,,,,,,,,,,,,,,,,,,,,
,,,,,,,,,,,,,,,,,,,,,,,,,,,,,,,,,,,,,,,,,,,,,,,,,,,,,,,,,,,,,,,,
,,,,,,,,,,,,,,,,,,,,,,,,,,,,,,,,,,,,,,,,,,,,,,,,,,,,,,,,,,,,,,,,
,,,,,,,,,,,,,,,,,,,,,,,,,,,,,,,,,,,,,,,,,,,,,,,,,,,,,,,,,,,,,,,,
,,,,,,,,,,,,,,,,,,,,,,,,,,,,,,,,,,,,,,,,,,,,,,,,,,,,,,,,,,,,,,,,
,,,,,,,,,,,,,,,,,,,,,,,,,,,,,,,,,,,,,,,,,,,,,,,,,,,,,,,,,,,,,,,,
,,,,,,,,,,,,,,,,,,,,,,,,,,,,,,,,,,,,,,,,,,,,,,,,,,,,,,,,,,,,,,,,
,,,,,,,,,,,,,,,,,,,,,,,,,,,,,,,,,,,,,,,,,,,,,,,,,,,,,,,,,,,,,,,,
,,,,,,,,,,,,,,,,,,,,,,,,,,,,,,,,,,,,,,,,,,,,,,,,,,,,,,,,,,,,,,,,
,,,,,,,,,,,,,,,,,,,,,,,,,,,,,,,,,,,,,,,,,,,,,,,,,,,,,,,,,,,,,,,,
,,,,,,,,,,,,,,,,,,,,,,,,,,,,,,,,,,,,,,,,,,,,,,,,,,,,,,,,,,,,,,,,
,,,,,,,,,,,,,,,,,,,,,,,,,,,,,,,,,,,,,,,,,,,,,,,,,,,,,,,,,,,,,,,,
,,,,,,,,,,,,,,,,,,,,,,,,,,,,,,,,,,,,,,,,,,,,,,,,,,,,,,,,,,,,,,,,
,,,,,,,,,,,,,,,,,,,,,,,,,,,,,,,,,,,,,,,,,,,,,,,,,,,,,,,,,,,,,,,,
,,,,,,,,,,,,,,,,,,,,,,,,,,,,,,,,,,,,,,,,,,,,,,,,,,,,,,,,,,,,,,,,
,,,,,,,,,,,,,,,,,,,,,,,,,,,,,,,,,,,,,,,,,,,,,,,,,,,,,,,,,,,,,,,,
,,,,,,,,,,,,,,,,,,,,,,,,,,,,,,,,,,,,,,,,,,,,,,,,,,,,,,,,,,,,,,,,
,,,,,,,,,,,,,,,,,,,,,,,,,,,,,,,,,,,,,,,,,,,,,,,,,,,,,,,,,,,,,,,,
,,,,,,,,,,,,,,,,,,,,,,,,,,,,,,,,,,,,,,,,,,,,,,,,,,,,,,,,,,,,,,,,
,,,,,,,,,,,,,,,,,,,,,,,,,,,,,,,,,,,,,,,,,,,,,,,,,,,,,,,,,,,,,,,,
,,,,,,,,,,,,,,,,,,,,,,,,,,,,,,,,,,,,,,,,,,,,,,,,,,,,,,,,,,,,,,,,
,,,,,,,,,,,,,,,,,,,,,,,,,,,,,,,,,,,,,,,,,,,,,,,,,,,,,,,,,,,,,,,,
,,,,,,,,,,,,,,,,,,,,,,,,,,,,,,,,,,,,,,,,,,,,,,,,,,,,,,,,,,,,,,,,
,,,,,,,,,,,,,,,,,,,,,,,,,,,,,,,,,,,,,,,,,,,,,,,,,,,,,,,,,,,,,,,,
,,,,,,,,,,,,,,,,,,,,,,,,,,,,,,,,,,,,,,,,,,,,,,,,,,,,,,,,,,,,,,,,
,,,,,,,,,,,,,,,,,,,,,,,,,,,,,,,,,,,,,,,,,,,,,,,,,,,,,,,,,,,,,,,,
,,,,,,,,,,,,,,,,,,,,,,,,,,,,,,,,,,,,,,,,,,,,,,,,,,,,,,,,,,,,,,,,
,,,,,,,,,,,,,,,,,,,,,,,,,,,,,,,,,,,,,,,,,,,,,,,,,,,,,,,,,,,,,,,,
,,,,,,,,,,,,,,,,,,,,,,,,,,,,,,,,,,,,,,,,,,,,,,,,,,,,,,,,,,,,,,,,
,,,,,,,,,,,,,,,,,,,,,,,,,,,,,,,,,,,,,,,,,,,,,,,,,,,,,,,,,,,,,,,,
,,,,,,,,,,,,,,,,,,,,,,,,,,,,,,,,,,,,,,,,,,,,,,,,,,,,,,,,,,,,,,,,
,,,,,,,,,,,,,,,,,,,,,,,,,,,,,,,,,,,,,,,,,,,,,,,,,,,,,,,,,,,,,,,,
,,,,,,,,,,,,,,,,,,,,,,,,,,,,,,,,,,,,,,,,,,,,,,,,,,,,,,,,,,,,,,,,
,,,,,,,,,,,,,,,,,,,,,,,,,,,,,,,,,,,,,,,,,,,,,,,,,,,,,,,,,,,,,,,,
,,,,,,,,,,,,,,,,,,,,,,,,,,,,,,,,,,,,,,,,,,,,,,,,,,,,,,,,,,,,,,,,
,,,,,,,,,,,,,,,,,,,,,,,,,,,,,,,,,,,,,,,,,,,,,,,,,,,,,,,,,,,,,,,,
,,,,,,,,,,,,,,,,,,,,,,,,,,,,,,,,,,,,,,,,,,,,,,,,,,,,,,,,,,,,,,,,
,,,,,,,,,,,,,,,,,,,,,,,,,,,,,,,,,,,,,,,,,,,,,,,,,,,,,,,,,,,,,,,,
,,,,,,,,,,,,,,,,,,,,,,,,,,,,,,,,,,,,,,,,,,,,,,,,,,,,,,,,,,,,,,,,
,,,,,,,,,,,,,,,,,,,,,,,,,,,,,,,,,,,,,,,,,,,,,,,,,,,,,,,,,,,,,,,,
,,,,,,,,,,,,,,,,,,,,,,,,,,,,,,,,,,,,,,,,,,,,,,,,,,,,,,,,,,,,,,,,
,,,,,,,,,,,,,,,,,,,,,,,,,,,,,,,,,,,,,,,,,,,,,,,,,,,,,,,,,,,,,,,,
,,,,,,,,,,,,,,,,,,,,,,,,,,,,,,,,,,,,,,,,,,,,,,,,,,,,,,,,,,,,,,,,
,,,,,,,,,,,,,,,,,,,,,,,,,,,,,,,,,,,,,,,,,,,,,,,,,,,,,,,,,,,,,,,,
,,,,,,,,,,,,,,,,,,,,,,,,,,,,,,,,,,,,,,,,,,,,,,,,,,,,,,,,,,,,,,,,
,,,,,,,,,,,,,,,,,,,,,,,,,,,,,,,,,,,,,,,,,,,,,,,,,,,,,,,,,,,,,,,,
,,,,,,,,,,,,,,,,,,,,,,,,,,,,,,,,,,,,,,,,,,,,,,,,,,,,,,,,,,,,,,,,
,,,,,,,,,,,,,,,,,,,,,,,,,,,,,,,,,,,,,,,,,,,,,,,,,,,,,,,,,,,,,,,,
,,,,,,,,,,,,,,,,,,,,,,,,,,,,,,,,,,,,,,,,,,,,,,,,,,,,,,,,,,,,,,,,
,,,,,,,,,,,,,,,,,,,,,,,,,,,,,,,,,,,,,,,,,,,,,,,,,,,,,,,,,,,,,,,,
,,,,,,,,,,,,,,,,,,,,,,,,,,,,,,,,,,,,,,,,,,,,,,,,,,,,,,,,,,,,,,,,
,,,,,,,,,,,,,,,,,,,,,,,,,,,,,,,,,,,,,,,,,,,,,,,,,,,,,,,,,,,,,,,,
,,,,,,,,,,,,,,,,,,,,,,,,,,,,,,,,,,,,,,,,,,,,,,,,,,,,,,,,,,,,,,,,
,,,,,,,,,,,,,,,,,,,,,,,,,,,,,,,,,,,,,,,,,,,,,,,,,,,,,,,,,,,,,,,,
,,,,,,,,,,,,,,,,,,,,,,,,,,,,,,,,,,,,,,,,,,,,,,,,,,,,,,,,,,,,,,,,
,,,,,,,,,,,,,,,,,,,,,,,,,,,,,,,,,,,,,,,,,,,,,,,,,,,,,,,,,,,,,,,,
,,,,,,,,,,,,,,,,,,,,,,,,,,,,,,,,,,,,,,,,,,,,,,,,,,,,,,,,,,,,,,,,
,,,,,,,,,,,,,,,,,,,,,,,,,,,,,,,,,,,,,,,,,,,,,,,,,,,,,,,,,,,,,,,,
,,,,,,,,,,,,,,,,,,,,,,,,,,,,,,,,,,,,,,,,,,,,,,,,,,,,,,,,,,,,,,,,
,,,,,,,,,,,,,,,,,,,,,,,,,,,,,,,,,,,,,,,,,,,,,,,,,,,,,,,,,,,,,,,,
,,,,,,,,,,,,,,,,,,,,,,,,,,,,,,,,,,,,,,,,,,,,,,,,,,,,,,,,,,,,,,,,
,,,,,,,,,,,,,,,,,,,,,,,,,,,,,,,,,,,,,,,,,,,,,,,,,,,,,,,,,,,,,,,,
,,,,,,,,,,,,,,,,,,,,,,,,,,,,,,,,,,,,,,,,,,,,,,,,,,,,,,,,,,,,,,,,
,,,,,,,,,,,,,,,,,,,,,,,,,,,,,,,,,,,,,,,,,,,,,,,,,,,,,,,,,,,,,,,,
,,,,,,,,,,,,,,,,,,,,,,,,,,,,,,,,,,,,,,,,,,,,,,,,,,,,,,,,,,,,,,,,
,,,,,,,,,,,,,,,,,,,,,,,,,,,,,,,,,,,,,,,,,,,,,,,,,,,,,,,,,,,,,,,,
,,,,,,,,,,,,,,,,,,,,,,,,,,,,,,,,,,,,,,,,,,,,,,,,,,,,,,,,,,,,,,,,
,,,,,,,,,,,,,,,,,,,,,,,,,,,,,,,,,,,,,,,,,,,,,,,,,,,,,,,,,,,,,,,,
,,,,,,,,,,,,,,,,,,,,,,,,,,,,,,,,,,,,,,,,,,,,,,,,,,,,,,,,,,,,,,,,
,,,,,,,,,,,,,,,,,,,,,,,,,,,,,,,,,,,,,,,,,,,,,,,,,,,,,,,,,,,,,,,,
,,,,,,,,,,,,,,,,,,,,,,,,,,,,,,,,,,,,,,,,,,,,,,,,,,,,,,,,,,,,,,,,
,,,,,,,,,,,,,,,,,,,,,,,,,,,,,,,,,,,,,,,,,,,,,,,,,,,,,,,,,,,,,,,,
,,,,,,,,,,,,,,,,,,,,,,,,,,,,,,,,,,,,,,,,,,,,,,,,,,,,,,,,,,,,,,,,
,,,,,,,,,,,,,,,,,,,,,,,,,,,,,,,,,,,,,,,,,,,,,,,,,,,,,,,,,,,,,,,,
,,,,,,,,,,,,,,,,,,,,,,,,,,,,,,,,,,,,,,,,,,,,,,,,,,,,,,,,,,,,,,,,
,,,,,,,,,,,,,,,,,,,,,,,,,,,,,,,,,,,,,,,,,,,,,,,,,,,,,,,,,,,,,,,,
,,,,,,,,,,,,,,,,,,,,,,,,,,,,,,,,,,,,,,,,,,,,,,,,,,,,,,,,,,,,,,,,
,,,,,,,,,,,,,,,,,,,,,,,,,,,,,,,,,,,,,,,,,,,,,,,,,,,,,,,,,,,,,,,,
,,,,,,,,,,,,,,,,,,,,,,,,,,,,,,,,,,,,,,,,,,,,,,,,,,,,,,,,,,,,,,,,
,,,,,,,,,,,,,,,,,,,,,,,,,,,,,,,,,,,,,,,,,,,,,,,,,,,,,,,,,,,,,,,,
,,,,,,,,,,,,,,,,,,,,,,,,,,,,,,,,,,,,,,,,,,,,,,,,,,,,,,,,,,,,,,,,
,,,,,,,,,,,,,,,,,,,,,,,,,,,,,,,,,,,,,,,,,,,,,,,,,,,,,,,,,,,,,,,,
,,,,,,,,,,,,,,,,,,,,,,,,,,,,,,,,,,,,,,,,,,,,,,,,,,,,,,,,,,,,,,,,
,,,,,,,,,,,,,,,,,,,,,,,,,,,,,,,,,,,,,,,,,,,,,,,,,,,,,,,,,,,,,,,,
,,,,,,,,,,,,,,,,,,,,,,,,,,,,,,,,,,,,,,,,,,,,,,,,,,,,,,,,,,,,,,,,
,,,,,,,,,,,,,,,,,,,,,,,,,,,,,,,,,,,,,,,,,,,,,,,,,,,,,,,,,,,,,,,,
,,,,,,,,,,,,,,,,,,,,,,,,,,,,,,,,,,,,,,,,,,,,,,,,,,,,,,,,,,,,,,,,
,,,,,,,,,,,,,,,,,,,,,,,,,,,,,,,,,,,,,,,,,,,,,,,,,,,,,,,,,,,,,,,,
,,,,,,,,,,,,,,,,,,,,,,,,,,,,,,,,,,,,,,,,,,,,,,,,,,,,,,,,,,,,,,,,
,,,,,,,,,,,,,,,,,,,,,,,,,,,,,,,,,,,,,,,,,,,,,,,,,,,,,,,,,,,,,,,,
,,,,,,,,,,,,,,,,,,,,,,,,,,,,,,,,,,,,,,,,,,,,,,,,,,,,,,,,,,,,,,,,
,,,,,,,,,,,,,,,,,,,,,,,,,,,,,,,,,,,,,,,,,,,,,,,,,,,,,,,,,,,,,,,,
,,,,,,,,,,,,,,,,,,,,,,,,,,,,,,,,,,,,,,,,,,,,,,,,,,,,,,,,,,,,,,,,
,,,,,,,,,,,,,,,,,,,,,,,,,,,,,,,,,,,,,,,,,,,,,,,,,,,,,,,,,,,,,,,,
,,,,,,,,,,,,,,,,,,,,,,,,,,,,,,,,,,,,,,,,,,,,,,,,,,,,,,,,,,,,,,,,
,,,,,,,,,,,,,,,,,,,,,,,,,,,,,,,,,,,,,,,,,,,,,,,,,,,,,,,,,,,,,,,,
,,,,,,,,,,,,,,,,,,,,,,,,,,,,,,,,,,,,,,,,,,,,,,,,,,,,,,,,,,,,,,,,
,,,,,,,,,,,,,,,,,,,,,,,,,,,,,,,,,,,,,,,,,,,,,,,,,,,,,,,,,,,,,,,,
,,,,,,,,,,,,,,,,,,,,,,,,,,,,,,,,,,,,,,,,,,,,,,,,,,,,,,,,,,,,,,,,
,,,,,,,,,,,,,,,,,,,,,,,,,,,,,,,,,,,,,,,,,,,,,,,,,,,,,,,,,,,,,,,,
,,,,,,,,,,,,,,,,,,,,,,,,,,,,,,,,,,,,,,,,,,,,,,,,,,,,,,,,,,,,,,,,
,,,,,,,,,,,,,,,,,,,,,,,,,,,,,,,,,,,,,,,,,,,,,,,,,,,,,,,,,,,,,,,,
,,,,,,,,,,,,,,,,,,,,,,,,,,,,,,,,,,,,,,,,,,,,,,,,,,,,,,,,,,,,,,,,
,,,,,,,,,,,,,,,,,,,,,,,,,,,,,,,,,,,,,,,,,,,,,,,,,,,,,,,,,,,,,,,,
,,,,,,,,,,,,,,,,,,,,,,,,,,,,,,,,,,,,,,,,,,,,,,,,,,,,,,,,,,,,,,,,
,,,,,,,,,,,,,,,,,,,,,,,,,,,,,,,,,,,,,,,,,,,,,,,,,,,,,,,,,,,,,,,,
,,,,,,,,,,,,,,,,,,,,,,,,,,,,,,,,,,,,,,,,,,,,,,,,,,,,,,,,,,,,,,,,
,,,,,,,,,,,,,,,,,,,,,,,,,,,,,,,,,,,,,,,,,,,,,,,,,,,,,,,,,,,,,,,,
,,,,,,,,,,,,,,,,,,,,,,,,,,,,,,,,,,,,,,,,,,,,,,,,,,,,,,,,,,,,,,,,
,,,,,,,,,,,,,,,,,,,,,,,,,,,,,,,,,,,,,,,,,,,,,,,,,,,,,,,,,,,,,,,,
,,,,,,,,,,,,,,,,,,,,,,,,,,,,,,,,,,,,,,,,,,,,,,,,,,,,,,,,,,,,,,,,
,,,,,,,,,,,,,,,,,,,,,,,,,,,,,,,,,,,,,,,,,,,,,,,,,,,,,,,,,,,,,,,,
,,,,,,,,,,,,,,,,,,,,,,,,,,,,,,,,,,,,,,,,,,,,,,,,,,,,,,,,,,,,,,,,
,,,,,,,,,,,,,,,,,,,,,,,,,,,,,,,,,,,,,,,,,,,,,,,,,,,,,,,,,,,,,,,,
,,,,,,,,,,,,,,,,,,,,,,,,,,,,,,,,,,,,,,,,,,,,,,,,,,,,,,,,,,,,,,,,
,,,,,,,,,,,,,,,,,,,,,,,,,,,,,,,,,,,,,,,,,,,,,,,,,,,,,,,,,,,,,,,,
,,,,,,,,,,,,,,,,,,,,,,,,,,,,,,,,,,,,,,,,,,,,,,,,,,,,,,,,,,,,,,,,
,,,,,,,,,,,,,,,,,,,,,,,,,,,,,,,,,,,,,,,,,,,,,,,,,,,,,,,,,,,,,,,,
,,,,,,,,,,,,,,,,,,,,,,,,,,,,,,,,,,,,,,,,,,,,,,,,,,,,,,,,,,,,,,,,
,,,,,,,,,,,,,,,,,,,,,,,,,,,,,,,,,,,,,,,,,,,,,,,,,,,,,,,,,,,,,,,,
,,,,,,,,,,,,,,,,,,,,,,,,,,,,,,,,,,,,,,,,,,,,,,,,,,,,,,,,,,,,,,,,
,,,,,,,,,,,,,,,,,,,,,,,,,,,,,,,,,,,,,,,,,,,,,,,,,,,,,,,,,,,,,,,,
,,,,,,,,,,,,,,,,,,,,,,,,,,,,,,,,,,,,,,,,,,,,,,,,,,,,,,,,,,,,,,,,
,,,,,,,,,,,,,,,,,,,,,,,,,,,,,,,,,,,,,,,,,,,,,,,,,,,,,,,,,,,,,,,,
,,,,,,,,,,,,,,,,,,,,,,,,,,,,,,,,,,,,,,,,,,,,,,,,,,,,,,,,,,,,,,,,
,,,,,,,,,,,,,,,,,,,,,,,,,,,,,,,,,,,,,,,,,,,,,,,,,,,,,,,,,,,,,,,,
,,,,,,,,,,,,,,,,,,,,,,,,,,,,,,,,,,,,,,,,,,,,,,,,,,,,,,,,,,,,,,,,
,,,,,,,,,,,,,,,,,,,,,,,,,,,,,,,,,,,,,,,,,,,,,,,,,,,,,,,,,,,,,,,,
,,,,,,,,,,,,,,,,,,,,,,,,,,,,,,,,,,,,,,,,,,,,,,,,,,,,,,,,,,,,,,,,
,,,,,,,,,,,,,,,,,,,,,,,,,,,,,,,,,,,,,,,,,,,,,,,,,,,,,,,,,,,,,,,,
,,,,,,,,,,,,,,,,,,,,,,,,,,,,,,,,,,,,,,,,,,,,,,,,,,,,,,,,,,,,,,,,
,,,,,,,,,,,,,,,,,,,,,,,,,,,,,,,,,,,,,,,,,,,,,,,,,,,,,,,,,,,,,,,,
,,,,,,,,,,,,,,,,,,,,,,,,,,,,,,,,,,,,,,,,,,,,,,,,,,,,,,,,,,,,,,,,
,,,,,,,,,,,,,,,,,,,,,,,,,,,,,,,,,,,,,,,,,,,,,,,,,,,,,,,,,,,,,,,,
,,,,,,,,,,,,,,,,,,,,,,,,,,,,,,,,,,,,,,,,,,,,,,,,,,,,,,,,,,,,,,,,
,,,,,,,,,,,,,,,,,,,,,,,,,,,,,,,,,,,,,,,,,,,,,,,,,,,,,,,,,,,,,,,,
,,,,,,,,,,,,,,,,,,,,,,,,,,,,,,,,,,,,,,,,,,,,,,,,,,,,,,,,,,,,,,,,
,,,,,,,,,,,,,,,,,,,,,,,,,,,,,,,,,,,,,,,,,,,,,,,,,,,,,,,,,,,,,,,,
,,,,,,,,,,,,,,,,,,,,,,,,,,,,,,,,,,,,,,,,,,,,,,,,,,,,,,,,,,,,,,,,
,,,,,,,,,,,,,,,,,,,,,,,,,,,,,,,,,,,,,,,,,,,,,,,,,,,,,,,,,,,,,,,,
,,,,,,,,,,,,,,,,,,,,,,,,,,,,,,,,,,,,,,,,,,,,,,,,,,,,,,,,,,,,,,,,
,,,,,,,,,,,,,,,,,,,,,,,,,,,,,,,,,,,,,,,,,,,,,,,,,,,,,,,,,,,,,,,,
,,,,,,,,,,,,,,,,,,,,,,,,,,,,,,,,,,,,,,,,,,,,,,,,,,,,,,,,,,,,,,,,
,,,,,,,,,,,,,,,,,,,,,,,,,,,,,,,,,,,,,,,,,,,,,,,,,,,,,,,,,,,,,,,,
,,,,,,,,,,,,,,,,,,,,,,,,,,,,,,,,,,,,,,,,,,,,,,,,,,,,,,,,,,,,,,,,
,,,,,,,,,,,,,,,,,,,,,,,,,,,,,,,,,,,,,,,,,,,,,,,,,,,,,,,,,,,,,,,,
,,,,,,,,,,,,,,,,,,,,,,,,,,,,,,,,,,,,,,,,,,,,,,,,,,,,,,,,,,,,,,,,
,,,,,,,,,,,,,,,,,,,,,,,,,,,,,,,,,,,,,,,,,,,,,,,,,,,,,,,,,,,,,,,,
,,,,,,,,,,,,,,,,,,,,,,,,,,,,,,,,,,,,,,,,,,,,,,,,,,,,,,,,,,,,,,,,
,,,,,,,,,,,,,,,,,,,,,,,,,,,,,,,,,,,,,,,,,,,,,,,,,,,,,,,,,,,,,,,,
,,,,,,,,,,,,,,,,,,,,,,,,,,,,,,,,,,,,,,,,,,,,,,,,,,,,,,,,,,,,,,,,
,,,,,,,,,,,,,,,,,,,,,,,,,,,,,,,,,,,,,,,,,,,,,,,,,,,,,,,,,,,,,,,,
,,,,,,,,,,,,,,,,,,,,,,,,,,,,,,,,,,,,,,,,,,,,,,,,,,,,,,,,,,,,,,,,
,,,,,,,,,,,,,,,,,,,,,,,,,,,,,,,,,,,,,,,,,,,,,,,,,,,,,,,,,,,,,,,,
,,,,,,,,,,,,,,,,,,,,,,,,,,,,,,,,,,,,,,,,,,,,,,,,,,,,,,,,,,,,,,,,
,,,,,,,,,,,,,,,,,,,,,,,,,,,,,,,,,,,,,,,,,,,,,,,,,,,,,,,,,,,,,,,,
,,,,,,,,,,,,,,,,,,,,,,,,,,,,,,,,,,,,,,,,,,,,,,,,,,,,,,,,,,,,,,,,
,,,,,,,,,,,,,,,,,,,,,,,,,,,,,,,,,,,,,,,,,,,,,,,,,,,,,,,,,,,,,,,,
,,,,,,,,,,,,,,,,,,,,,,,,,,,,,,,,,,,,,,,,,,,,,,,,,,,,,,,,,,,,,,,,
,,,,,,,,,,,,,,,,,,,,,,,,,,,,,,,,,,,,,,,,,,,,,,,,,,,,,,,,,,,,,,,,
,,,,,,,,,,,,,,,,,,,,,,,,,,,,,,,,,,,,,,,,,,,,,,,,,,,,,,,,,,,,,,,,
,,,,,,,,,,,,,,,,,,,,,,,,,,,,,,,,,,,,,,,,,,,,,,,,,,,,,,,,,,,,,,,,
,,,,,,,,,,,,,,,,,,,,,,,,,,,,,,,,,,,,,,,,,,,,,,,,,,,,,,,,,,,,,,,,
,,,,,,,,,,,,,,,,,,,,,,,,,,,,,,,,,,,,,,,,,,,,,,,,,,,,,,,,,,,,,,,,
,,,,,,,,,,,,,,,,,,,,,,,,,,,,,,,,,,,,,,,,,,,,,,,,,,,,,,,,,,,,,,,,
,,,,,,,,,,,,,,,,,,,,,,,,,,,,,,,,,,,,,,,,,,,,,,,,,,,,,,,,,,,,,,,,
,,,,,,,,,,,,,,,,,,,,,,,,,,,,,,,,,,,,,,,,,,,,,,,,,,,,,,,,,,,,,,,,
,,,,,,,,,,,,,,,,,,,,,,,,,,,,,,,,,,,,,,,,,,,,,,,,,,,,,,,,,,,,,,,,
,,,,,,,,,,,,,,,,,,,,,,,,,,,,,,,,,,,,,,,,,,,,,,,,,,,,,,,,,,,,,,,,
,,,,,,,,,,,,,,,,,,,,,,,,,,,,,,,,,,,,,,,,,,,,,,,,,,,,,,,,,,,,,,,,
,,,,,,,,,,,,,,,,,,,,,,,,,,,,,,,,,,,,,,,,,,,,,,,,,,,,,,,,,,,,,,,,
,,,,,,,,,,,,,,,,,,,,,,,,,,,,,,,,,,,,,,,,,,,,,,,,,,,,,,,,,,,,,,,,
,,,,,,,,,,,,,,,,,,,,,,,,,,,,,,,,,,,,,,,,,,,,,,,,,,,,,,,,,,,,,,,,
,,,,,,,,,,,,,,,,,,,,,,,,,,,,,,,,,,,,,,,,,,,,,,,,,,,,,,,,,,,,,,,,
,,,,,,,,,,,,,,,,,,,,,,,,,,,,,,,,,,,,,,,,,,,,,,,,,,,,,,,,,,,,,,,,
,,,,,,,,,,,,,,,,,,,,,,,,,,,,,,,,,,,,,,,,,,,,,,,,,,,,,,,,,,,,,,,,
,,,,,,,,,,,,,,,,,,,,,,,,,,,,,,,,,,,,,,,,,,,,,,,,,,,,,,,,,,,,,,,,
,,,,,,,,,,,,,,,,,,,,,,,,,,,,,,,,,,,,,,,,,,,,,,,,,,,,,,,,,,,,,,,,
,,,,,,,,,,,,,,,,,,,,,,,,,,,,,,,,,,,,,,,,,,,,,,,,,,,,,,,,,,,,,,,,
,,,,,,,,,,,,,,,,,,,,,,,,,,,,,,,,,,,,,,,,,,,,,,,,,,,,,,,,,,,,,,,,
,,,,,,,,,,,,,,,,,,,,,,,,,,,,,,,,,,,,,,,,,,,,,,,,,,,,,,,,,,,,,,,,
,,,,,,,,,,,,,,,,,,,,,,,,,,,,,,,,,,,,,,,,,,,,,,,,,,,,,,,,,,,,,,,,
,,,,,,,,,,,,,,,,,,,,,,,,,,,,,,,,,,,,,,,,,,,,,,,,,,,,,,,,,,,,,,,,
,,,,,,,,,,,,,,,,,,,,,,,,,,,,,,,,,,,,,,,,,,,,,,,,,,,,,,,,,,,,,,,,
,,,,,,,,,,,,,,,,,,,,,,,,,,,,,,,,,,,,,,,,,,,,,,,,,,,,,,,,,,,,,,,,
,,,,,,,,,,,,,,,,,,,,,,,,,,,,,,,,,,,,,,,,,,,,,,,,,,,,,,,,,,,,,,,,
,,,,,,,,,,,,,,,,,,,,,,,,,,,,,,,,,,,,,,,,,,,,,,,,,,,,,,,,,,,,,,,,
,,,,,,,,,,,,,,,,,,,,,,,,,,,,,,,,,,,,,,,,,,,,,,,,,,,,,,,,,,,,,,,,
,,,,,,,,,,,,,,,,,,,,,,,,,,,,,,,,,,,,,,,,,,,,,,,,,,,,,,,,,,,,,,,,
,,,,,,,,,,,,,,,,,,,,,,,,,,,,,,,,,,,,,,,,,,,,,,,,,,,,,,,,,,,,,,,,
,,,,,,,,,,,,,,,,,,,,,,,,,,,,,,,,,,,,,,,,,,,,,,,,,,,,,,,,,,,,,,,,
,,,,,,,,,,,,,,,,,,,,,,,,,,,,,,,,,,,,,,,,,,,,,,,,,,,,,,,,,,,,,,,,
,,,,,,,,,,,,,,,,,,,,,,,,,,,,,,,,,,,,,,,,,,,,,,,,,,,,,,,,,,,,,,,,
,,,,,,,,,,,,,,,,,,,,,,,,,,,,,,,,,,,,,,,,,,,,,,,,,,,,,,,,,,,,,,,,
,,,,,,,,,,,,,,,,,,,,,,,,,,,,,,,,,,,,,,,,,,,,,,,,,,,,,,,,,,,,,,,,
,,,,,,,,,,,,,,,,,,,,,,,,,,,,,,,,,,,,,,,,,,,,,,,,,,,,,,,,,,,,,,,,
,,,,,,,,,,,,,,,,,,,,,,,,,,,,,,,,,,,,,,,,,,,,,,,,,,,,,,,,,,,,,,,,
,,,,,,,,,,,,,,,,,,,,,,,,,,,,,,,,,,,,,,,,,,,,,,,,,,,,,,,,,,,,,,,,
,,,,,,,,,,,,,,,,,,,,,,,,,,,,,,,,,,,,,,,,,,,,,,,,,,,,,,,,,,,,,,,,
,,,,,,,,,,,,,,,,,,,,,,,,,,,,,,,,,,,,,,,,,,,,,,,,,,,,,,,,,,,,,,,,
,,,,,,,,,,,,,,,,,,,,,,,,,,,,,,,,,,,,,,,,,,,,,,,,,,,,,,,,,,,,,,,,
,,,,,,,,,,,,,,,,,,,,,,,,,,,,,,,,,,,,,,,,,,,,,,,,,,,,,,,,,,,,,,,,
,,,,,,,,,,,,,,,,,,,,,,,,,,,,,,,,,,,,,,,,,,,,,,,,,,,,,,,,,,,,,,,,
,,,,,,,,,,,,,,,,,,,,,,,,,,,,,,,,,,,,,,,,,,,,,,,,,,,,,,,,,,,,,,,,
,,,,,,,,,,,,,,,,,,,,,,,,,,,,,,,,,,,,,,,,,,,,,,,,,,,,,,,,,,,,,,,,
,,,,,,,,,,,,,,,,,,,,,,,,,,,,,,,,,,,,,,,,,,,,,,,,,,,,,,,,,,,,,,,,
,,,,,,,,,,,,,,,,,,,,,,,,,,,,,,,,,,,,,,,,,,,,,,,,,,,,,,,,,,,,,,,,
,,,,,,,,,,,,,,,,,,,,,,,,,,,,,,,,,,,,,,,,,,,,,,,,,,,,,,,,,,,,,,,,
,,,,,,,,,,,,,,,,,,,,,,,,,,,,,,,,,,,,,,,,,,,,,,,,,,,,,,,,,,,,,,,,
,,,,,,,,,,,,,,,,,,,,,,,,,,,,,,,,,,,,,,,,,,,,,,,,,,,,,,,,,,,,,,,,
,,,,,,,,,,,,,,,,,,,,,,,,,,,,,,,,,,,,,,,,,,,,,,,,,,,,,,,,,,,,,,,,
,,,,,,,,,,,,,,,,,,,,,,,,,,,,,,,,,,,,,,,,,,,,,,,,,,,,,,,,,,,,,,,,
,,,,,,,,,,,,,,,,,,,,,,,,,,,,,,,,,,,,,,,,,,,,,,,,,,,,,,,,,,,,,,,,
,,,,,,,,,,,,,,,,,,,,,,,,,,,,,,,,,,,,,,,,,,,,,,,,,,,,,,,,,,,,,,,,
,,,,,,,,,,,,,,,,,,,,,,,,,,,,,,,,,,,,,,,,,,,,,,,,,,,,,,,,,,,,,,,,
,,,,,,,,,,,,,,,,,,,,,,,,,,,,,,,,,,,,,,,,,,,,,,,,,,,,,,,,,,,,,,,,
,,,,,,,,,,,,,,,,,,,,,,,,,,,,,,,,,,,,,,,,,,,,,,,,,,,,,,,,,,,,,,,,
,,,,,,,,,,,,,,,,,,,,,,,,,,,,,,,,,,,,,,,,,,,,,,,,,,,,,,,,,,,,,,,,
,,,,,,,,,,,,,,,,,,,,,,,,,,,,,,,,,,,,,,,,,,,,,,,,,,,,,,,,,,,,,,,,
,,,,,,,,,,,,,,,,,,,,,,,,,,,,,,,,,,,,,,,,,,,,,,,,,,,,,,,,,,,,,,,,
,,,,,,,,,,,,,,,,,,,,,,,,,,,,,,,,,,,,,,,,,,,,,,,,,,,,,,,,,,,,,,,,
,,,,,,,,,,,,,,,,,,,,,,,,,,,,,,,,,,,,,,,,,,,,,,,,,,,,,,,,,,,,,,,,
,,,,,,,,,,,,,,,,,,,,,,,,,,,,,,,,,,,,,,,,,,,,,,,,,,,,,,,,,,,,,,,,
,,,,,,,,,,,,,,,,,,,,,,,,,,,,,,,,,,,,,,,,,,,,,,,,,,,,,,,,,,,,,,,,
,,,,,,,,,,,,,,,,,,,,,,,,,,,,,,,,,,,,,,,,,,,,,,,,,,,,,,,,,,,,,,,,
,,,,,,,,,,,,,,,,,,,,,,,,,,,,,,,,,,,,,,,,,,,,,,,,,,,,,,,,,,,,,,,,
,,,,,,,,,,,,,,,,,,,,,,,,,,,,,,,,,,,,,,,,,,,,,,,,,,,,,,,,,,,,,,,,
,,,,,,,,,,,,,,,,,,,,,,,,,,,,,,,,,,,,,,,,,,,,,,,,,,,,,,,,,,,,,,,,
,,,,,,,,,,,,,,,,,,,,,,,,,,,,,,,,,,,,,,,,,,,,,,,,,,,,,,,,,,,,,,,,
,,,,,,,,,,,,,,,,,,,,,,,,,,,,,,,,,,,,,,,,,,,,,,,,,,,,,,,,,,,,,,,,
,,,,,,,,,,,,,,,,,,,,,,,,,,,,,,,,,,,,,,,,,,,,,,,,,,,,,,,,,,,,,,,,
,,,,,,,,,,,,,,,,,,,,,,,,,,,,,,,,,,,,,,,,,,,,,,,,,,,,,,,,,,,,,,,,
,,,,,,,,,,,,,,,,,,,,,,,,,,,,,,,,,,,,,,,,,,,,,,,,,,,,,,,,,,,,,,,,
,,,,,,,,,,,,,,,,,,,,,,,,,,,,,,,,,,,,,,,,,,,,,,,,,,,,,,,,,,,,,,,,
,,,,,,,,,,,,,,,,,,,,,,,,,,,,,,,,,,,,,,,,,,,,,,,,,,,,,,,,,,,,,,,,
,,,,,,,,,,,,,,,,,,,,,,,,,,,,,,,,,,,,,,,,,,,,,,,,,,,,,,,,,,,,,,,,
,,,,,,,,,,,,,,,,,,,,,,,,,,,,,,,,,,,,,,,,,,,,,,,,,,,,,,,,,,,,,,,,
,,,,,,,,,,,,,,,,,,,,,,,,,,,,,,,,,,,,,,,,,,,,,,,,,,,,,,,,,,,,,,,,
,,,,,,,,,,,,,,,,,,,,,,,,,,,,,,,,,,,,,,,,,,,,,,,,,,,,,,,,,,,,,,,,
,,,,,,,,,,,,,,,,,,,,,,,,,,,,,,,,,,,,,,,,,,,,,,,,,,,,,,,,,,,,,,,,
,,,,,,,,,,,,,,,,,,,,,,,,,,,,,,,,,,,,,,,,,,,,,,,,,,,,,,,,,,,,,,,,
,,,,,,,,,,,,,,,,,,,,,,,,,,,,,,,,,,,,,,,,,,,,,,,,,,,,,,,,,,,,,,,,
,,,,,,,,,,,,,,,,,,,,,,,,,,,,,,,,,,,,,,,,,,,,,,,,,,,,,,,,,,,,,,,,
,,,,,,,,,,,,,,,,,,,,,,,,,,,,,,,,,,,,,,,,,,,,,,,,,,,,,,,,,,,,,,,,
,,,,,,,,,,,,,,,,,,,,,,,,,,,,,,,,,,,,,,,,,,,,,,,,,,,,,,,,,,,,,,,,
,,,,,,,,,,,,,,,,,,,,,,,,,,,,,,,,,,,,,,,,,,,,,,,,,,,,,,,,,,,,,,,,
,,,,,,,,,,,,,,,,,,,,,,,,,,,,,,,,,,,,,,,,,,,,,,,,,,,,,,,,,,,,,,,,
,,,,,,,,,,,,,,,,,,,,,,,,,,,,,,,,,,,,,,,,,,,,,,,,,,,,,,,,,,,,,,,,
,,,,,,,,,,,,,,,,,,,,,,,,,,,,,,,,,,,,,,,,,,,,,,,,,,,,,,,,,,,,,,,,
,,,,,,,,,,,,,,,,,,,,,,,,,,,,,,,,,,,,,,,,,,,,,,,,,,,,,,,,,,,,,,,,
,,,,,,,,,,,,,,,,,,,,,,,,,,,,,,,,,,,,,,,,,,,,,,,,,,,,,,,,,,,,,,,,
,,,,,,,,,,,,,,,,,,,,,,,,,,,,,,,,,,,,,,,,,,,,,,,,,,,,,,,,,,,,,,,,
,,,,,,,,,,,,,,,,,,,,,,,,,,,,,,,,,,,,,,,,,,,,,,,,,,,,,,,,,,,,,,,,
,,,,,,,,,,,,,,,,,,,,,,,,,,,,,,,,,,,,,,,,,,,,,,,,,,,,,,,,,,,,,,,,
,,,,,,,,,,,,,,,,,,,,,,,,,,,,,,,,,,,,,,,,,,,,,,,,,,,,,,,,,,,,,,,,
,,,,,,,,,,,,,,,,,,,,,,,,,,,,,,,,,,,,,,,,,,,,,,,,,,,,,,,,,,,,,,,,
,,,,,,,,,,,,,,,,,,,,,,,,,,,,,,,,,,,,,,,,,,,,,,,,,,,,,,,,,,,,,,,,
,,,,,,,,,,,,,,,,,,,,,,,,,,,,,,,,,,,,,,,,,,,,,,,,,,,,,,,,,,,,,,,,
,,,,,,,,,,,,,,,,,,,,,,,,,,,,,,,,,,,,,,,,,,,,,,,,,,,,,,,,,,,,,,,,
,,,,,,,,,,,,,,,,,,,,,,,,,,,,,,,,,,,,,,,,,,,,,,,,,,,,,,,,,,,,,,,,
,,,,,,,,,,,,,,,,,,,,,,,,,,,,,,,,,,,,,,,,,,,,,,,,,,,,,,,,,,,,,,,,
,,,,,,,,,,,,,,,,,,,,,,,,,,,,,,,,,,,,,,,,,,,,,,,,,,,,,,,,,,,,,,,,
,,,,,,,,,,,,,,,,,,,,,,,,,,,,,,,,,,,,,,,,,,,,,,,,,,,,,,,,,,,,,,,,
,,,,,,,,,,,,,,,,,,,,,,,,,,,,,,,,,,,,,,,,,,,,,,,,,,,,,,,,,,,,,,,,
,,,,,,,,,,,,,,,,,,,,,,,,,,,,,,,,,,,,,,,,,,,,,,,,,,,,,,,,,,,,,,,,
,,,,,,,,,,,,,,,,,,,,,,,,,,,,,,,,,,,,,,,,,,,,,,,,,,,,,,,,,,,,,,,,
,,,,,,,,,,,,,,,,,,,,,,,,,,,,,,,,,,,,,,,,,,,,,,,,,,,,,,,,,,,,,,,,
,,,,,,,,,,,,,,,,,,,,,,,,,,,,,,,,,,,,,,,,,,,,,,,,,,,,,,,,,,,,,,,,
,,,,,,,,,,,,,,,,,,,,,,,,,,,,,,,,,,,,,,,,,,,,,,,,,,,,,,,,,,,,,,,,
,,,,,,,,,,,,,,,,,,,,,,,,,,,,,,,,,,,,,,,,,,,,,,,,,,,,,,,,,,,,,,,,
,,,,,,,,,,,,,,,,,,,,,,,,,,,,,,,,,,,,,,,,,,,,,,,,,,,,,,,,,,,,,,,,
,,,,,,,,,,,,,,,,,,,,,,,,,,,,,,,,,,,,,,,,,,,,,,,,,,,,,,,,,,,,,,,,
,,,,,,,,,,,,,,,,,,,,,,,,,,,,,,,,,,,,,,,,,,,,,,,,,,,,,,,,,,,,,,,,
,,,,,,,,,,,,,,,,,,,,,,,,,,,,,,,,,,,,,,,,,,,,,,,,,,,,,,,,,,,,,,,,
,,,,,,,,,,,,,,,,,,,,,,,,,,,,,,,,,,,,,,,,,,,,,,,,,,,,,,,,,,,,,,,,
,,,,,,,,,,,,,,,,,,,,,,,,,,,,,,,,,,,,,,,,,,,,,,,,,,,,,,,,,,,,,,,,
,,,,,,,,,,,,,,,,,,,,,,,,,,,,,,,,,,,,,,,,,,,,,,,,,,,,,,,,,,,,,,,,
,,,,,,,,,,,,,,,,,,,,,,,,,,,,,,,,,,,,,,,,,,,,,,,,,,,,,,,,,,,,,,,,
,,,,,,,,,,,,,,,,,,,,,,,,,,,,,,,,,,,,,,,,,,,,,,,,,,,,,,,,,,,,,,,,
,,,,,,,,,,,,,,,,,,,,,,,,,,,,,,,,,,,,,,,,,,,,,,,,,,,,,,,,,,,,,,,,
,,,,,,,,,,,,,,,,,,,,,,,,,,,,,,,,,,,,,,,,,,,,,,,,,,,,,,,,,,,,,,,,
,,,,,,,,,,,,,,,,,,,,,,,,,,,,,,,,,,,,,,,,,,,,,,,,,,,,,,,,,,,,,,,,
,,,,,,,,,,,,,,,,,,,,,,,,,,,,,,,,,,,,,,,,,,,,,,,,,,,,,,,,,,,,,,,,
,,,,,,,,,,,,,,,,,,,,,,,,,,,,,,,,,,,,,,,,,,,,,,,,,,,,,,,,,,,,,,,,
,,,,,,,,,,,,,,,,,,,,,,,,,,,,,,,,,,,,,,,,,,,,,,,,,,,,,,,,,,,,,,,,
,,,,,,,,,,,,,,,,,,,,,,,,,,,,,,,,,,,,,,,,,,,,,,,,,,,,,,,,,,,,,,,,
,,,,,,,,,,,,,,,,,,,,,,,,,,,,,,,,,,,,,,,,,,,,,,,,,,,,,,,,,,,,,,,,
,,,,,,,,,,,,,,,,,,,,,,,,,,,,,,,,,,,,,,,,,,,,,,,,,,,,,,,,,,,,,,,,
,,,,,,,,,,,,,,,,,,,,,,,,,,,,,,,,,,,,,,,,,,,,,,,,,,,,,,,,,,,,,,,,
,,,,,,,,,,,,,,,,,,,,,,,,,,,,,,,,,,,,,,,,,,,,,,,,,,,,,,,,,,,,,,,,
,,,,,,,,,,,,,,,,,,,,,,,,,,,,,,,,,,,,,,,,,,,,,,,,,,,,,,,,,,,,,,,,
,,,,,,,,,,,,,,,,,,,,,,,,,,,,,,,,,,,,,,,,,,,,,,,,,,,,,,,,,,,,,,,,
,,,,,,,,,,,,,,,,,,,,,,,,,,,,,,,,,,,,,,,,,,,,,,,,,,,,,,,,,,,,,,,,
,,,,,,,,,,,,,,,,,,,,,,,,,,,,,,,,,,,,,,,,,,,,,,,,,,,,,,,,,,,,,,,,
,,,,,,,,,,,,,,,,,,,,,,,,,,,,,,,,,,,,,,,,,,,,,,,,,,,,,,,,,,,,,,,,
,,,,,,,,,,,,,,,,,,,,,,,,,,,,,,,,,,,,,,,,,,,,,,,,,,,,,,,,,,,,,,,,
,,,,,,,,,,,,,,,,,,,,,,,,,,,,,,,,,,,,,,,,,,,,,,,,,,,,,,,,,,,,,,,,
,,,,,,,,,,,,,,,,,,,,,,,,,,,,,,,,,,,,,,,,,,,,,,,,,,,,,,,,,,,,,,,,
,,,,,,,,,,,,,,,,,,,,,,,,,,,,,,,,,,,,,,,,,,,,,,,,,,,,,,,,,,,,,,,,
,,,,,,,,,,,,,,,,,,,,,,,,,,,,,,,,,,,,,,,,,,,,,,,,,,,,,,,,,,,,,,,,
,,,,,,,,,,,,,,,,,,,,,,,,,,,,,,,,,,,,,,,,,,,,,,,,,,,,,,,,,,,,,,,,
,,,,,,,,,,,,,,,,,,,,,,,,,,,,,,,,,,,,,,,,,,,,,,,,,,,,,,,,,,,,,,,,
,,,,,,,,,,,,,,,,,,,,,,,,,,,,,,,,,,,,,,,,,,,,,,,,,,,,,,,,,,,,,,,,
,,,,,,,,,,,,,,,,,,,,,,,,,,,,,,,,,,,,,,,,,,,,,,,,,,,,,,,,,,,,,,,,
,,,,,,,,,,,,,,,,,,,,,,,,,,,,,,,,,,,,,,,,,,,,,,,,,,,,,,,,,,,,,,,,
,,,,,,,,,,,,,,,,,,,,,,,,,,,,,,,,,,,,,,,,,,,,,,,,,,,,,,,,,,,,,,,,
,,,,,,,,,,,,,,,,,,,,,,,,,,,,,,,,,,,,,,,,,,,,,,,,,,,,,,,,,,,,,,,,
,,,,,,,,,,,,,,,,,,,,,,,,,,,,,,,,,,,,,,,,,,,,,,,,,,,,,,,,,,,,,,,,
,,,,,,,,,,,,,,,,,,,,,,,,,,,,,,,,,,,,,,,,,,,,,,,,,,,,,,,,,,,,,,,,
,,,,,,,,,,,,,,,,,,,,,,,,,,,,,,,,,,,,,,,,,,,,,,,,,,,,,,,,,,,,,,,,
,,,,,,,,,,,,,,,,,,,,,,,,,,,,,,,,,,,,,,,,,,,,,,,,,,,,,,,,,,,,,,,,
,,,,,,,,,,,,,,,,,,,,,,,,,,,,,,,,,,,,,,,,,,,,,,,,,,,,,,,,,,,,,,,,
,,,,,,,,,,,,,,,,,,,,,,,,,,,,,,,,,,,,,,,,,,,,,,,,,,,,,,,,,,,,,,,,
,,,,,,,,,,,,,,,,,,,,,,,,,,,,,,,,,,,,,,,,,,,,,,,,,,,,,,,,,,,,,,,,
,,,,,,,,,,,,,,,,,,,,,,,,,,,,,,,,,,,,,,,,,,,,,,,,,,,,,,,,,,,,,,,,
,,,,,,,,,,,,,,,,,,,,,,,,,,,,,,,,,,,,,,,,,,,,,,,,,,,,,,,,,,,,,,,,
,,,,,,,,,,,,,,,,,,,,,,,,,,,,,,,,,,,,,,,,,,,,,,,,,,,,,,,,,,,,,,,,
,,,,,,,,,,,,,,,,,,,,,,,,,,,,,,,,,,,,,,,,,,,,,,,,,,,,,,,,,,,,,,,,
,,,,,,,,,,,,,,,,,,,,,,,,,,,,,,,,,,,,,,,,,,,,,,,,,,,,,,,,,,,,,,,,
,,,,,,,,,,,,,,,,,,,,,,,,,,,,,,,,,,,,,,,,,,,,,,,,,,,,,,,,,,,,,,,,
,,,,,,,,,,,,,,,,,,,,,,,,,,,,,,,,,,,,,,,,,,,,,,,,,,,,,,,,,,,,,,,,
,,,,,,,,,,,,,,,,,,,,,,,,,,,,,,,,,,,,,,,,,,,,,,,,,,,,,,,,,,,,,,,,
,,,,,,,,,,,,,,,,,,,,,,,,,,,,,,,,,,,,,,,,,,,,,,,,,,,,,,,,,,,,,,,,
,,,,,,,,,,,,,,,,,,,,,,,,,,,,,,,,,,,,,,,,,,,,,,,,,,,,,,,,,,,,,,,,
,,,,,,,,,,,,,,,,,,,,,,,,,,,,,,,,,,,,,,,,,,,,,,,,,,,,,,,,,,,,,,,,
,,,,,,,,,,,,,,,,,,,,,,,,,,,,,,,,,,,,,,,,,,,,,,,,,,,,,,,,,,,,,,,,
,,,,,,,,,,,,,,,,,,,,,,,,,,,,,,,,,,,,,,,,,,,,,,,,,,,,,,,,,,,,,,,,
,,,,,,,,,,,,,,,,,,,,,,,,,,,,,,,,,,,,,,,,,,,,,,,,,,,,,,,,,,,,,,,,
,,,,,,,,,,,,,,,,,,,,,,,,,,,,,,,,,,,,,,,,,,,,,,,,,,,,,,,,,,,,,,,,
,,,,,,,,,,,,,,,,,,,,,,,,,,,,,,,,,,,,,,,,,,,,,,,,,,,,,,,,,,,,,,,,
,,,,,,,,,,,,,,,,,,,,,,,,,,,,,,,,,,,,,,,,,,,,,,,,,,,,,,,,,,,,,,,,
,,,,,,,,,,,,,,,,,,,,,,,,,,,,,,,,,,,,,,,,,,,,,,,,,,,,,,,,,,,,,,,,
,,,,,,,,,,,,,,,,,,,,,,,,,,,,,,,,,,,,,,,,,,,,,,,,,,,,,,,,,,,,,,,,
,,,,,,,,,,,,,,,,,,,,,,,,,,,,,,,,,,,,,,,,,,,,,,,,,,,,,,,,,,,,,,,,
,,,,,,,,,,,,,,,,,,,,,,,,,,,,,,,,,,,,,,,,,,,,,,,,,,,,,,,,,,,,,,,,
,,,,,,,,,,,,,,,,,,,,,,,,,,,,,,,,,,,,,,,,,,,,,,,,,,,,,,,,,,,,,,,,
,,,,,,,,,,,,,,,,,,,,,,,,,,,,,,,,,,,,,,,,,,,,,,,,,,,,,,,,,,,,,,,,
,,,,,,,,,,,,,,,,,,,,,,,,,,,,,,,,,,,,,,,,,,,,,,,,,,,,,,,,,,,,,,,,
,,,,,,,,,,,,,,,,,,,,,,,,,,,,,,,,,,,,,,,,,,,,,,,,,,,,,,,,,,,,,,,,
,,,,,,,,,,,,,,,,,,,,,,,,,,,,,,,,,,,,,,,,,,,,,,,,,,,,,,,,,,,,,,,,
,,,,,,,,,,,,,,,,,,,,,,,,,,,,,,,,,,,,,,,,,,,,,,,,,,,,,,,,,,,,,,,,
,,,,,,,,,,,,,,,,,,,,,,,,,,,,,,,,,,,,,,,,,,,,,,,,,,,,,,,,,,,,,,,,
,,,,,,,,,,,,,,,,,,,,,,,,,,,,,,,,,,,,,,,,,,,,,,,,,,,,,,,,,,,,,,,,
,,,,,,,,,,,,,,,,,,,,,,,,,,,,,,,,,,,,,,,,,,,,,,,,,,,,,,,,,,,,,,,,
,,,,,,,,,,,,,,,,,,,,,,,,,,,,,,,,,,,,,,,,,,,,,,,,,,,,,,,,,,,,,,,,
,,,,,,,,,,,,,,,,,,,,,,,,,,,,,,,,,,,,,,,,,,,,,,,,,,,,,,,,,,,,,,,,
,,,,,,,,,,,,,,,,,,,,,,,,,,,,,,,,,,,,,,,,,,,,,,,,,,,,,,,,,,,,,,,,
,,,,,,,,,,,,,,,,,,,,,,,,,,,,,,,,,,,,,,,,,,,,,,,,,,,,,,,,,,,,,,,,
,,,,,,,,,,,,,,,,,,,,,,,,,,,,,,,,,,,,,,,,,,,,,,,,,,,,,,,,,,,,,,,,
,,,,,,,,,,,,,,,,,,,,,,,,,,,,,,,,,,,,,,,,,,,,,,,,,,,,,,,,,,,,,,,,
,,,,,,,,,,,,,,,,,,,,,,,,,,,,,,,,,,,,,,,,,,,,,,,,,,,,,,,,,,,,,,,,
,,,,,,,,,,,,,,,,,,,,,,,,,,,,,,,,,,,,,,,,,,,,,,,,,,,,,,,,,,,,,,,,
,,,,,,,,,,,,,,,,,,,,,,,,,,,,,,,,,,,,,,,,,,,,,,,,,,,,,,,,,,,,,,,,
,,,,,,,,,,,,,,,,,,,,,,,,,,,,,,,,,,,,,,,,,,,,,,,,,,,,,,,,,,,,,,,,
,,,,,,,,,,,,,,,,,,,,,,,,,,,,,,,,,,,,,,,,,,,,,,,,,,,,,,,,,,,,,,,,
,,,,,,,,,,,,,,,,,,,,,,,,,,,,,,,,,,,,,,,,,,,,,,,,,,,,,,,,,,,,,,,,
,,,,,,,,,,,,,,,,,,,,,,,,,,,,,,,,,,,,,,,,,,,,,,,,,,,,,,,,,,,,,,,,
,,,,,,,,,,,,,,,,,,,,,,,,,,,,,,,,,,,,,,,,,,,,,,,,,,,,,,,,,,,,,,,,
,,,,,,,,,,,,,,,,,,,,,,,,,,,,,,,,,,,,,,,,,,,,,,,,,,,,,,,,,,,,,,,,
,,,,,,,,,,,,,,,,,,,,,,,,,,,,,,,,,,,,,,,,,,,,,,,,,,,,,,,,,,,,,,,,
,,,,,,,,,,,,,,,,,,,,,,,,,,,,,,,,,,,,,,,,,,,,,,,,,,,,,,,,,,,,,,,,
,,,,,,,,,,,,,,,,,,,,,,,,,,,,,,,,,,,,,,,,,,,,,,,,,,,,,,,,,,,,,,,,
,,,,,,,,,,,,,,,,,,,,,,,,,,,,,,,,,,,,,,,,,,,,,,,,,,,,,,,,,,,,,,,,
,,,,,,,,,,,,,,,,,,,,,,,,,,,,,,,,,,,,,,,,,,,,,,,,,,,,,,,,,,,,,,,,
,,,,,,,,,,,,,,,,,,,,,,,,,,,,,,,,,,,,,,,,,,,,,,,,,,,,,,,,,,,,,,,,
,,,,,,,,,,,,,,,,,,,,,,,,,,,,,,,,,,,,,,,,,,,,,,,,,,,,,,,,,,,,,,,,
,,,,,,,,,,,,,,,,,,,,,,,,,,,,,,,,,,,,,,,,,,,,,,,,,,,,,,,,,,,,,,,,
,,,,,,,,,,,,,,,,,,,,,,,,,,,,,,,,,,,,,,,,,,,,,,,,,,,,,,,,,,,,,,,,
,,,,,,,,,,,,,,,,,,,,,,,,,,,,,,,,,,,,,,,,,,,,,,,,,,,,,,,,,,,,,,,,
,,,,,,,,,,,,,,,,,,,,,,,,,,,,,,,,,,,,,,,,,,,,,,,,,,,,,,,,,,,,,,,,
,,,,,,,,,,,,,,,,,,,,,,,,,,,,,,,,,,,,,,,,,,,,,,,,,,,,,,,,,,,,,,,,
,,,,,,,,,,,,,,,,,,,,,,,,,,,,,,,,,,,,,,,,,,,,,,,,,,,,,,,,,,,,,,,,
,,,,,,,,,,,,,,,,,,,,,,,,,,,,,,,,,,,,,,,,,,,,,,,,,,,,,,,,,,,,,,,,
,,,,,,,,,,,,,,,,,,,,,,,,,,,,,,,,,,,,,,,,,,,,,,,,,,,,,,,,,,,,,,,,
,,,,,,,,,,,,,,,,,,,,,,,,,,,,,,,,,,,,,,,,,,,,,,,,,,,,,,,,,,,,,,,,
,,,,,,,,,,,,,,,,,,,,,,,,,,,,,,,,,,,,,,,,,,,,,,,,,,,,,,,,,,,,,,,,
,,,,,,,,,,,,,,,,,,,,,,,,,,,,,,,,,,,,,,,,,,,,,,,,,,,,,,,,,,,,,,,,
,,,,,,,,,,,,,,,,,,,,,,,,,,,,,,,,,,,,,,,,,,,,,,,,,,,,,,,,,,,,,,,,
,,,,,,,,,,,,,,,,,,,,,,,,,,,,,,,,,,,,,,,,,,,,,,,,,,,,,,,,,,,,,,,,
,,,,,,,,,,,,,,,,,,,,,,,,,,,,,,,,,,,,,,,,,,,,,,,,,,,,,,,,,,,,,,,,
,,,,,,,,,,,,,,,,,,,,,,,,,,,,,,,,,,,,,,,,,,,,,,,,,,,,,,,,,,,,,,,,
,,,,,,,,,,,,,,,,,,,,,,,,,,,,,,,,,,,,,,,,,,,,,,,,,,,,,,,,,,,,,,,,
,,,,,,,,,,,,,,,,,,,,,,,,,,,,,,,,,,,,,,,,,,,,,,,,,,,,,,,,,,,,,,,,
,,,,,,,,,,,,,,,,,,,,,,,,,,,,,,,,,,,,,,,,,,,,,,,,,,,,,,,,,,,,,,,,
,,,,,,,,,,,,,,,,,,,,,,,,,,,,,,,,,,,,,,,,,,,,,,,,,,,,,,,,,,,,,,,,
,,,,,,,,,,,,,,,,,,,,,,,,,,,,,,,,,,,,,,,,,,,,,,,,,,,,,,,,,,,,,,,,
,,,,,,,,,,,,,,,,,,,,,,,,,,,,,,,,,,,,,,,,,,,,,,,,,,,,,,,,,,,,,,,,
,,,,,,,,,,,,,,,,,,,,,,,,,,,,,,,,,,,,,,,,,,,,,,,,,,,,,,,,,,,,,,,,
,,,,,,,,,,,,,,,,,,,,,,,,,,,,,,,,,,,,,,,,,,,,,,,,,,,,,,,,,,,,,,,,
,,,,,,,,,,,,,,,,,,,,,,,,,,,,,,,,,,,,,,,,,,,,,,,,,,,,,,,,,,,,,,,,
,,,,,,,,,,,,,,,,,,,,,,,,,,,,,,,,,,,,,,,,,,,,,,,,,,,,,,,,,,,,,,,,
,,,,,,,,,,,,,,,,,,,,,,,,,,,,,,,,,,,,,,,,,,,,,,,,,,,,,,,,,,,,,,,,
,,,,,,,,,,,,,,,,,,,,,,,,,,,,,,,,,,,,,,,,,,,,,,,,,,,,,,,,,,,,,,,,
,,,,,,,,,,,,,,,,,,,,,,,,,,,,,,,,,,,,,,,,,,,,,,,,,,,,,,,,,,,,,,,,
,,,,,,,,,,,,,,,,,,,,,,,,,,,,,,,,,,,,,,,,,,,,,,,,,,,,,,,,,,,,,,,,
,,,,,,,,,,,,,,,,,,,,,,,,,,,,,,,,,,,,,,,,,,,,,,,,,,,,,,,,,,,,,,,,
,,,,,,,,,,,,,,,,,,,,,,,,,,,,,,,,,,,,,,,,,,,,,,,,,,,,,,,,,,,,,,,,
,,,,,,,,,,,,,,,,,,,,,,,,,,,,,,,,,,,,,,,,,,,,,,,,,,,,,,,,,,,,,,,,
,,,,,,,,,,,,,,,,,,,,,,,,,,,,,,,,,,,,,,,,,,,,,,,,,,,,,,,,,,,,,,,,
,,,,,,,,,,,,,,,,,,,,,,,,,,,,,,,,,,,,,,,,,,,,,,,,,,,,,,,,,,,,,,,,
,,,,,,,,,,,,,,,,,,,,,,,,,,,,,,,,,,,,,,,,,,,,,,,,,,,,,,,,,,,,,,,,
,,,,,,,,,,,,,,,,,,,,,,,,,,,,,,,,,,,,,,,,,,,,,,,,,,,,,,,,,,,,,,,,
,,,,,,,,,,,,,,,,,,,,,,,,,,,,,,,,,,,,,,,,,,,,,,,,,,,,,,,,,,,,,,,,
,,,,,,,,,,,,,,,,,,,,,,,,,,,,,,,,,,,,,,,,,,,,,,,,,,,,,,,,,,,,,,,,
,,,,,,,,,,,,,,,,,,,,,,,,,,,,,,,,,,,,,,,,,,,,,,,,,,,,,,,,,,,,,,,,
,,,,,,,,,,,,,,,,,,,,,,,,,,,,,,,,,,,,,,,,,,,,,,,,,,,,,,,,,,,,,,,,
,,,,,,,,,,,,,,,,,,,,,,,,,,,,,,,,,,,,,,,,,,,,,,,,,,,,,,,,,,,,,,,,
,,,,,,,,,,,,,,,,,,,,,,,,,,,,,,,,,,,,,,,,,,,,,,,,,,,,,,,,,,,,,,,,
,,,,,,,,,,,,,,,,,,,,,,,,,,,,,,,,,,,,,,,,,,,,,,,,,,,,,,,,,,,,,,,,
,,,,,,,,,,,,,,,,,,,,,,,,,,,,,,,,,,,,,,,,,,,,,,,,,,,,,,,,,,,,,,,,
,,,,,,,,,,,,,,,,,,,,,,,,,,,,,,,,,,,,,,,,,,,,,,,,,,,,,,,,,,,,,,,,
,,,,,,,,,,,,,,,,,,,,,,,,,,,,,,,,,,,,,,,,,,,,,,,,,,,,,,,,,,,,,,,,
,,,,,,,,,,,,,,,,,,,,,,,,,,,,,,,,,,,,,,,,,,,,,,,,,,,,,,,,,,,,,,,,
,,,,,,,,,,,,,,,,,,,,,,,,,,,,,,,,,,,,,,,,,,,,,,,,,,,,,,,,,,,,,,,,
,,,,,,,,,,,,,,,,,,,,,,,,,,,,,,,,,,,,,,,,,,,,,,,,,,,,,,,,,,,,,,,,
,,,,,,,,,,,,,,,,,,,,,,,,,,,,,,,,,,,,,,,,,,,,,,,,,,,,,,,,,,,,,,,,
,,,,,,,,,,,,,,,,,,,,,,,,,,,,,,,,,,,,,,,,,,,,,,,,,,,,,,,,,,,,,,,,
,,,,,,,,,,,,,,,,,,,,,,,,,,,,,,,,,,,,,,,,,,,,,,,,,,,,,,,,,,,,,,,,
,,,,,,,,,,,,,,,,,,,,,,,,,,,,,,,,,,,,,,,,,,,,,,,,,,,,,,,,,,,,,,,,
,,,,,,,,,,,,,,,,,,,,,,,,,,,,,,,,,,,,,,,,,,,,,,,,,,,,,,,,,,,,,,,,
,,,,,,,,,,,,,,,,,,,,,,,,,,,,,,,,,,,,,,,,,,,,,,,,,,,,,,,,,,,,,,,,
,,,,,,,,,,,,,,,,,,,,,,,,,,,,,,,,,,,,,,,,,,,,,,,,,,,,,,,,,,,,,,,,
,,,,,,,,,,,,,,,,,,,,,,,,,,,,,,,,,,,,,,,,,,,,,,,,,,,,,,,,,,,,,,,,
,,,,,,,,,,,,,,,,,,,,,,,,,,,,,,,,,,,,,,,,,,,,,,,,,,,,,,,,,,,,,,,,
,,,,,,,,,,,,,,,,,,,,,,,,,,,,,,,,,,,,,,,,,,,,,,,,,,,,,,,,,,,,,,,,
,,,,,,,,,,,,,,,,,,,,,,,,,,,,,,,,,,,,,,,,,,,,,,,,,,,,,,,,,,,,,,,,
,,,,,,,,,,,,,,,,,,,,,,,,,,,,,,,,,,,,,,,,,,,,,,,,,,,,,,,,,,,,,,,,
,,,,,,,,,,,,,,,,,,,,,,,,,,,,,,,,,,,,,,,,,,,,,,,,,,,,,,,,,,,,,,,,
,,,,,,,,,,,,,,,,,,,,,,,,,,,,,,,,,,,,,,,,,,,,,,,,,,,,,,,,,,,,,,,,
,,,,,,,,,,,,,,,,,,,,,,,,,,,,,,,,,,,,,,,,,,,,,,,,,,,,,,,,,,,,,,,,
,,,,,,,,,,,,,,,,,,,,,,,,,,,,,,,,,,,,,,,,,,,,,,,,,,,,,,,,,,,,,,,,
,,,,,,,,,,,,,,,,,,,,,,,,,,,,,,,,,,,,,,,,,,,,,,,,,,,,,,,,,,,,,,,,
,,,,,,,,,,,,,,,,,,,,,,,,,,,,,,,,,,,,,,,,,,,,,,,,,,,,,,,,,,,,,,,,
,,,,,,,,,,,,,,,,,,,,,,,,,,,,,,,,,,,,,,,,,,,,,,,,,,,,,,,,,,,,,,,,
,,,,,,,,,,,,,,,,,,,,,,,,,,,,,,,,,,,,,,,,,,,,,,,,,,,,,,,,,,,,,,,,
,,,,,,,,,,,,,,,,,,,,,,,,,,,,,,,,,,,,,,,,,,,,,,,,,,,,,,,,,,,,,,,,
,,,,,,,,,,,,,,,,,,,,,,,,,,,,,,,,,,,,,,,,,,,,,,,,,,,,,,,,,,,,,,,,
,,,,,,,,,,,,,,,,,,,,,,,,,,,,,,,,,,,,,,,,,,,,,,,,,,,,,,,,,,,,,,,,
,,,,,,,,,,,,,,,,,,,,,,,,,,,,,,,,,,,,,,,,,,,,,,,,,,,,,,,,,,,,,,,,
,,,,,,,,,,,,,,,,,,,,,,,,,,,,,,,,,,,,,,,,,,,,,,,,,,,,,,,,,,,,,,,,
,,,,,,,,,,,,,,,,,,,,,,,,,,,,,,,,,,,,,,,,,,,,,,,,,,,,,,,,,,,,,,,,
,,,,,,,,,,,,,,,,,,,,,,,,,,,,,,,,,,,,,,,,,,,,,,,,,,,,,,,,,,,,,,,,
,,,,,,,,,,,,,,,,,,,,,,,,,,,,,,,,,,,,,,,,,,,,,,,,,,,,,,,,,,,,,,,,
,,,,,,,,,,,,,,,,,,,,,,,,,,,,,,,,,,,,,,,,,,,,,,,,,,,,,,,,,,,,,,,,
,,,,,,,,,,,,,,,,,,,,,,,,,,,,,,,,,,,,,,,,,,,,,,,,,,,,,,,,,,,,,,,,
,,,,,,,,,,,,,,,,,,,,,,,,,,,,,,,,,,,,,,,,,,,,,,,,,,,,,,,,,,,,,,,,
,,,,,,,,,,,,,,,,,,,,,,,,,,,,,,,,,,,,,,,,,,,,,,,,,,,,,,,,,,,,,,,,
,,,,,,,,,,,,,,,,,,,,,,,,,,,,,,,,,,,,,,,,,,,,,,,,,,,,,,,,,,,,,,,,
,,,,,,,,,,,,,,,,,,,,,,,,,,,,,,,,,,,,,,,,,,,,,,,,,,,,,,,,,,,,,,,,
,,,,,,,,,,,,,,,,,,,,,,,,,,,,,,,,,,,,,,,,,,,,,,,,,,,,,,,,,,,,,,,,
,,,,,,,,,,,,,,,,,,,,,,,,,,,,,,,,,,,,,,,,,,,,,,,,,,,,,,,,,,,,,,,,
,,,,,,,,,,,,,,,,,,,,,,,,,,,,,,,,,,,,,,,,,,,,,,,,,,,,,,,,,,,,,,,,
,,,,,,,,,,,,,,,,,,,,,,,,,,,,,,,,,,,,,,,,,,,,,,,,,,,,,,,,,,,,,,,,
,,,,,,,,,,,,,,,,,,,,,,,,,,,,,,,,,,,,,,,,,,,,,,,,,,,,,,,,,,,,,,,,
,,,,,,,,,,,,,,,,,,,,,,,,,,,,,,,,,,,,,,,,,,,,,,,,,,,,,,,,,,,,,,,,
,,,,,,,,,,,,,,,,,,,,,,,,,,,,,,,,,,,,,,,,,,,,,,,,,,,,,,,,,,,,,,,,
,,,,,,,,,,,,,,,,,,,,,,,,,,,,,,,,,,,,,,,,,,,,,,,,,,,,,,,,,,,,,,,,
,,,,,,,,,,,,,,,,,,,,,,,,,,,,,,,,,,,,,,,,,,,,,,,,,,,,,,,,,,,,,,,,
,,,,,,,,,,,,,,,,,,,,,,,,,,,,,,,,,,,,,,,,,,,,,,,,,,,,,,,,,,,,,,,,
,,,,,,,,,,,,,,,,,,,,,,,,,,,,,,,,,,,,,,,,,,,,,,,,,,,,,,,,,,,,,,,,
,,,,,,,,,,,,,,,,,,,,,,,,,,,,,,,,,,,,,,,,,,,,,,,,,,,,,,,,,,,,,,,,
,,,,,,,,,,,,,,,,,,,,,,,,,,,,,,,,,,,,,,,,,,,,,,,,,,,,,,,,,,,,,,,,
,,,,,,,,,,,,,,,,,,,,,,,,,,,,,,,,,,,,,,,,,,,,,,,,,,,,,,,,,,,,,,,,
,,,,,,,,,,,,,,,,,,,,,,,,,,,,,,,,,,,,,,,,,,,,,,,,,,,,,,,,,,,,,,,,
,,,,,,,,,,,,,,,,,,,,,,,,,,,,,,,,,,,,,,,,,,,,,,,,,,,,,,,,,,,,,,,,
,,,,,,,,,,,,,,,,,,,,,,,,,,,,,,,,,,,,,,,,,,,,,,,,,,,,,,,,,,,,,,,,
,,,,,,,,,,,,,,,,,,,,,,,,,,,,,,,,,,,,,,,,,,,,,,,,,,,,,,,,,,,,,,,,
,,,,,,,,,,,,,,,,,,,,,,,,,,,,,,,,,,,,,,,,,,,,,,,,,,,,,,,,,,,,,,,,
,,,,,,,,,,,,,,,,,,,,,,,,,,,,,,,,,,,,,,,,,,,,,,,,,,,,,,,,,,,,,,,,
,,,,,,,,,,,,,,,,,,,,,,,,,,,,,,,,,,,,,,,,,,,,,,,,,,,,,,,,,,,,,,,,
,,,,,,,,,,,,,,,,,,,,,,,,,,,,,,,,,,,,,,,,,,,,,,,,,,,,,,,,,,,,,,,,
,,,,,,,,,,,,,,,,,,,,,,,,,,,,,,,,,,,,,,,,,,,,,,,,,,,,,,,,,,,,,,,,
,,,,,,,,,,,,,,,,,,,,,,,,,,,,,,,,,,,,,,,,,,,,,,,,,,,,,,,,,,,,,,,,
,,,,,,,,,,,,,,,,,,,,,,,,,,,,,,,,,,,,,,,,,,,,,,,,,,,,,,,,,,,,,,,,
,,,,,,,,,,,,,,,,,,,,,,,,,,,,,,,,,,,,,,,,,,,,,,,,,,,,,,,,,,,,,,,,
,,,,,,,,,,,,,,,,,,,,,,,,,,,,,,,,,,,,,,,,,,,,,,,,,,,,,,,,,,,,,,,,
,,,,,,,,,,,,,,,,,,,,,,,,,,,,,,,,,,,,,,,,,,,,,,,,,,,,,,,,,,,,,,,,
,,,,,,,,,,,,,,,,,,,,,,,,,,,,,,,,,,,,,,,,,,,,,,,,,,,,,,,,,,,,,,,,
,,,,,,,,,,,,,,,,,,,,,,,,,,,,,,,,,,,,,,,,,,,,,,,,,,,,,,,,,,,,,,,,
,,,,,,,,,,,,,,,,,,,,,,,,,,,,,,,,,,,,,,,,,,,,,,,,,,,,,,,,,,,,,,,,
,,,,,,,,,,,,,,,,,,,,,,,,,,,,,,,,,,,,,,,,,,,,,,,,,,,,,,,,,,,,,,,,
,,,,,,,,,,,,,,,,,,,,,,,,,,,,,,,,,,,,,,,,,,,,,,,,,,,,,,,,,,,,,,,,
,,,,,,,,,,,,,,,,,,,,,,,,,,,,,,,,,,,,,,,,,,,,,,,,,,,,,,,,,,,,,,,,
,,,,,,,,,,,,,,,,,,,,,,,,,,,,,,,,,,,,,,,,,,,,,,,,,,,,,,,,,,,,,,,,
,,,,,,,,,,,,,,,,,,,,,,,,,,,,,,,,,,,,,,,,,,,,,,,,,,,,,,,,,,,,,,,,
,,,,,,,,,,,,,,,,,,,,,,,,,,,,,,,,,,,,,,,,,,,,,,,,,,,,,,,,,,,,,,,,
,,,,,,,,,,,,,,,,,,,,,,,,,,,,,,,,,,,,,,,,,,,,,,,,,,,,,,,,,,,,,,,,
,,,,,,,,,,,,,,,,,,,,,,,,,,,,,,,,,,,,,,,,,,,,,,,,,,,,,,,,,,,,,,,,
,,,,,,,,,,,,,,,,,,,,,,,,,,,,,,,,,,,,,,,,,,,,,,,,,,,,,,,,,,,,,,,,
,,,,,,,,,,,,,,,,,,,,,,,,,,,,,,,,,,,,,,,,,,,,,,,,,,,,,,,,,,,,,,,,
,,,,,,,,,,,,,,,,,,,,,,,,,,,,,,,,,,,,,,,,,,,,,,,,,,,,,,,,,,,,,,,,
,,,,,,,,,,,,,,,,,,,,,,,,,,,,,,,,,,,,,,,,,,,,,,,,,,,,,,,,,,,,,,,,
,,,,,,,,,,,,,,,,,,,,,,,,,,,,,,,,,,,,,,,,,,,,,,,,,,,,,,,,,,,,,,,,
,,,,,,,,,,,,,,,,,,,,,,,,,,,,,,,,,,,,,,,,,,,,,,,,,,,,,,,,,,,,,,,,
,,,,,,,,,,,,,,,,,,,,,,,,,,,,,,,,,,,,,,,,,,,,,,,,,,,,,,,,,,,,,,,,
,,,,,,,,,,,,,,,,,,,,,,,,,,,,,,,,,,,,,,,,,,,,,,,,,,,,,,,,,,,,,,,,
,,,,,,,,,,,,,,,,,,,,,,,,,,,,,,,,,,,,,,,,,,,,,,,,,,,,,,,,,,,,,,,,
,,,,,,,,,,,,,,,,,,,,,,,,,,,,,,,,,,,,,,,,,,,,,,,,,,,,,,,,,,,,,,,,
,,,,,,,,,,,,,,,,,,,,,,,,,,,,,,,,,,,,,,,,,,,,,,,,,,,,,,,,,,,,,,,,
,,,,,,,,,,,,,,,,,,,,,,,,,,,,,,,,,,,,,,,,,,,,,,,,,,,,,,,,,,,,,,,,
,,,,,,,,,,,,,,,,,,,,,,,,,,,,,,,,,,,,,,,,,,,,,,,,,,,,,,,,,,,,,,,,
,,,,,,,,,,,,,,,,,,,,,,,,,,,,,,,,,,,,,,,,,,,,,,,,,,,,,,,,,,,,,,,,
,,,,,,,,,,,,,,,,,,,,,,,,,,,,,,,,,,,,,,,,,,,,,,,,,,,,,,,,,,,,,,,,
,,,,,,,,,,,,,,,,,,,,,,,,,,,,,,,,,,,,,,,,,,,,,,,,,,,,,,,,,,,,,,,,
,,,,,,,,,,,,,,,,,,,,,,,,,,,,,,,,,,,,,,,,,,,,,,,,,,,,,,,,,,,,,,,,
,,,,,,,,,,,,,,,,,,,,,,,,,,,,,,,,,,,,,,,,,,,,,,,,,,,,,,,,,,,,,,,,
,,,,,,,,,,,,,,,,,,,,,,,,,,,,,,,,,,,,,,,,,,,,,,,,,,,,,,,,,,,,,,,,
,,,,,,,,,,,,,,,,,,,,,,,,,,,,,,,,,,,,,,,,,,,,,,,,,,,,,,,,,,,,,,,,
,,,,,,,,,,,,,,,,,,,,,,,,,,,,,,,,,,,,,,,,,,,,,,,,,,,,,,,,,,,,,,,,
,,,,,,,,,,,,,,,,,,,,,,,,,,,,,,,,,,,,,,,,,,,,,,,,,,,,,,,,,,,,,,,,
,,,,,,,,,,,,,,,,,,,,,,,,,,,,,,,,,,,,,,,,,,,,,,,,,,,,,,,,,,,,,,,,
,,,,,,,,,,,,,,,,,,,,,,,,,,,,,,,,,,,,,,,,,,,,,,,,,,,,,,,,,,,,,,,,
,,,,,,,,,,,,,,,,,,,,,,,,,,,,,,,,,,,,,,,,,,,,,,,,,,,,,,,,,,,,,,,,
,,,,,,,,,,,,,,,,,,,,,,,,,,,,,,,,,,,,,,,,,,,,,,,,,,,,,,,,,,,,,,,,
,,,,,,,,,,,,,,,,,,,,,,,,,,,,,,,,,,,,,,,,,,,,,,,,,,,,,,,,,,,,,,,,
,,,,,,,,,,,,,,,,,,,,,,,,,,,,,,,,,,,,,,,,,,,,,,,,,,,,,,,,,,,,,,,,
,,,,,,,,,,,,,,,,,,,,,,,,,,,,,,,,,,,,,,,,,,,,,,,,,,,,,,,,,,,,,,,,
,,,,,,,,,,,,,,,,,,,,,,,,,,,,,,,,,,,,,,,,,,,,,,,,,,,,,,,,,,,,,,,,
,,,,,,,,,,,,,,,,,,,,,,,,,,,,,,,,,,,,,,,,,,,,,,,,,,,,,,,,,,,,,,,,
,,,,,,,,,,,,,,,,,,,,,,,,,,,,,,,,,,,,,,,,,,,,,,,,,,,,,,,,,,,,,,,,
,,,,,,,,,,,,,,,,,,,,,,,,,,,,,,,,,,,,,,,,,,,,,,,,,,,,,,,,,,,,,,,,
,,,,,,,,,,,,,,,,,,,,,,,,,,,,,,,,,,,,,,,,,,,,,,,,,,,,,,,,,,,,,,,,
,,,,,,,,,,,,,,,,,,,,,,,,,,,,,,,,,,,,,,,,,,,,,,,,,,,,,,,,,,,,,,,,
,,,,,,,,,,,,,,,,,,,,,,,,,,,,,,,,,,,,,,,,,,,,,,,,,,,,,,,,,,,,,,,,
,,,,,,,,,,,,,,,,,,,,,,,,,,,,,,,,,,,,,,,,,,,,,,,,,,,,,,,,,,,,,,,,
,,,,,,,,,,,,,,,,,,,,,,,,,,,,,,,,,,,,,,,,,,,,,,,,,,,,,,,,,,,,,,,,
,,,,,,,,,,,,,,,,,,,,,,,,,,,,,,,,,,,,,,,,,,,,,,,,,,,,,,,,,,,,,,,,
,,,,,,,,,,,,,,,,,,,,,,,,,,,,,,,,,,,,,,,,,,,,,,,,,,,,,,,,,,,,,,,,
,,,,,,,,,,,,,,,,,,,,,,,,,,,,,,,,,,,,,,,,,,,,,,,,,,,,,,,,,,,,,,,,
,,,,,,,,,,,,,,,,,,,,,,,,,,,,,,,,,,,,,,,,,,,,,,,,,,,,,,,,,,,,,,,,
,,,,,,,,,,,,,,,,,,,,,,,,,,,,,,,,,,,,,,,,,,,,,,,,,,,,,,,,,,,,,,,,
,,,,,,,,,,,,,,,,,,,,,,,,,,,,,,,,,,,,,,,,,,,,,,,,,,,,,,,,,,,,,,,,
,,,,,,,,,,,,,,,,,,,,,,,,,,,,,,,,,,,,,,,,,,,,,,,,,,,,,,,,,,,,,,,,
,,,,,,,,,,,,,,,,,,,,,,,,,,,,,,,,,,,,,,,,,,,,,,,,,,,,,,,,,,,,,,,,
,,,,,,,,,,,,,,,,,,,,,,,,,,,,,,,,,,,,,,,,,,,,,,,,,,,,,,,,,,,,,,,,
,,,,,,,,,,,,,,,,,,,,,,,,,,,,,,,,,,,,,,,,,,,,,,,,,,,,,,,,,,,,,,,,
,,,,,,,,,,,,,,,,,,,,,,,,,,,,,,,,,,,,,,,,,,,,,,,,,,,,,,,,,,,,,,,,
,,,,,,,,,,,,,,,,,,,,,,,,,,,,,,,,,,,,,,,,,,,,,,,,,,,,,,,,,,,,,,,,
,,,,,,,,,,,,,,,,,,,,,,,,,,,,,,,,,,,,,,,,,,,,,,,,,,,,,,,,,,,,,,,,
,,,,,,,,,,,,,,,,,,,,,,,,,,,,,,,,,,,,,,,,,,,,,,,,,,,,,,,,,,,,,,,,
,,,,,,,,,,,,,,,,,,,,,,,,,,,,,,,,,,,,,,,,,,,,,,,,,,,,,,,,,,,,,,,,
,,,,,,,,,,,,,,,,,,,,,,,,,,,,,,,,,,,,,,,,,,,,,,,,,,,,,,,,,,,,,,,,
,,,,,,,,,,,,,,,,,,,,,,,,,,,,,,,,,,,,,,,,,,,,,,,,,,,,,,,,,,,,,,,,
,,,,,,,,,,,,,,,,,,,,,,,,,,,,,,,,,,,,,,,,,,,,,,,,,,,,,,,,,,,,,,,,
,,,,,,,,,,,,,,,,,,,,,,,,,,,,,,,,,,,,,,,,,,,,,,,,,,,,,,,,,,,,,,,,
,,,,,,,,,,,,,,,,,,,,,,,,,,,,,,,,,,,,,,,,,,,,,,,,,,,,,,,,,,,,,,,,
,,,,,,,,,,,,,,,,,,,,,,,,,,,,,,,,,,,,,,,,,,,,,,,,,,,,,,,,,,,,,,,,
,,,,,,,,,,,,,,,,,,,,,,,,,,,,,,,,,,,,,,,,,,,,,,,,,,,,,,,,,,,,,,,,
,,,,,,,,,,,,,,,,,,,,,,,,,,,,,,,,,,,,,,,,,,,,,,,,,,,,,,,,,,,,,,,,
,,,,,,,,,,,,,,,,,,,,,,,,,,,,,,,,,,,,,,,,,,,,,,,,,,,,,,,,,,,,,,,,
,,,,,,,,,,,,,,,,,,,,,,,,,,,,,,,,,,,,,,,,,,,,,,,,,,,,,,,,,,,,,,,,
,,,,,,,,,,,,,,,,,,,,,,,,,,,,,,,,,,,,,,,,,,,,,,,,,,,,,,,,,,,,,,,,
,,,,,,,,,,,,,,,,,,,,,,,,,,,,,,,,,,,,,,,,,,,,,,,,,,,,,,,,,,,,,,,,
,,,,,,,,,,,,,,,,,,,,,,,,,,,,,,,,,,,,,,,,,,,,,,,,,,,,,,,,,,,,,,,,
,,,,,,,,,,,,,,,,,,,,,,,,,,,,,,,,,,,,,,,,,,,,,,,,,,,,,,,,,,,,,,,,
,,,,,,,,,,,,,,,,,,,,,,,,,,,,,,,,,,,,,,,,,,,,,,,,,,,,,,,,,,,,,,,,
,,,,,,,,,,,,,,,,,,,,,,,,,,,,,,,,,,,,,,,,,,,,,,,,,,,,,,,,,,,,,,,,
,,,,,,,,,,,,,,,,,,,,,,,,,,,,,,,,,,,,,,,,,,,,,,,,,,,,,,,,,,,,,,,,
,,,,,,,,,,,,,,,,,,,,,,,,,,,,,,,,,,,,,,,,,,,,,,,,,,,,,,,,,,,,,,,,
,,,,,,,,,,,,,,,,,,,,,,,,,,,,,,,,,,,,,,,,,,,,,,,,,,,,,,,,,,,,,,,,
,,,,,,,,,,,,,,,,,,,,,,,,,,,,,,,,,,,,,,,,,,,,,,,,,,,,,,,,,,,,,,,,
,,,,,,,,,,,,,,,,,,,,,,,,,,,,,,,,,,,,,,,,,,,,,,,,,,,,,,,,,,,,,,,,
,,,,,,,,,,,,,,,,,,,,,,,,,,,,,,,,,,,,,,,,,,,,,,,,,,,,,,,,,,,,,,,,
,,,,,,,,,,,,,,,,,,,,,,,,,,,,,,,,,,,,,,,,,,,,,,,,,,,,,,,,,,,,,,,,
,,,,,,,,,,,,,,,,,,,,,,,,,,,,,,,,,,,,,,,,,,,,,,,,,,,,,,,,,,,,,,,,
,,,,,,,,,,,,,,,,,,,,,,,,,,,,,,,,,,,,,,,,,,,,,,,,,,,,,,,,,,,,,,,,
,,,,,,,,,,,,,,,,,,,,,,,,,,,,,,,,,,,,,,,,,,,,,,,,,,,,,,,,,,,,,,,,
,,,,,,,,,,,,,,,,,,,,,,,,,,,,,,,,,,,,,,,,,,,,,,,,,,,,,,,,,,,,,,,,
,,,,,,,,,,,,,,,,,,,,,,,,,,,,,,,,,,,,,,,,,,,,,,,,,,,,,,,,,,,,,,,,
,,,,,,,,,,,,,,,,,,,,,,,,,,,,,,,,,,,,,,,,,,,,,,,,,,,,,,,,,,,,,,,,
,,,,,,,,,,,,,,,,,,,,,,,,,,,,,,,,,,,,,,,,,,,,,,,,,,,,,,,,,,,,,,,,
,,,,,,,,,,,,,,,,,,,,,,,,,,,,,,,,,,,,,,,,,,,,,,,,,,,,,,,,,,,,,,,,
,,,,,,,,,,,,,,,,,,,,,,,,,,,,,,,,,,,,,,,,,,,,,,,,,,,,,,,,,,,,,,,,
,,,,,,,,,,,,,,,,,,,,,,,,,,,,,,,,,,,,,,,,,,,,,,,,,,,,,,,,,,,,,,,,
,,,,,,,,,,,,,,,,,,,,,,,,,,,,,,,,,,,,,,,,,,,,,,,,,,,,,,,,,,,,,,,,
,,,,,,,,,,,,,,,,,,,,,,,,,,,,,,,,,,,,,,,,,,,,,,,,,,,,,,,,,,,,,,,,
,,,,,,,,,,,,,,,,,,,,,,,,,,,,,,,,,,,,,,,,,,,,,,,,,,,,,,,,,,,,,,,,
,,,,,,,,,,,,,,,,,,,,,,,,,,,,,,,,,,,,,,,,,,,,,,,,,,,,,,,,,,,,,,,,
,,,,,,,,,,,,,,,,,,,,,,,,,,,,,,,,,,,,,,,,,,,,,,,,,,,,,,,,,,,,,,,,
,,,,,,,,,,,,,,,,,,,,,,,,,,,,,,,,,,,,,,,,,,,,,,,,,,,,,,,,,,,,,,,,
,,,,,,,,,,,,,,,,,,,,,,,,,,,,,,,,,,,,,,,,,,,,,,,,,,,,,,,,,,,,,,,,
,,,,,,,,,,,,,,,,,,,,,,,,,,,,,,,,,,,,,,,,,,,,,,,,,,,,,,,,,,,,,,,,
,,,,,,,,,,,,,,,,,,,,,,,,,,,,,,,,,,,,,,,,,,,,,,,,,,,,,,,,,,,,,,,,
,,,,,,,,,,,,,,,,,,,,,,,,,,,,,,,,,,,,,,,,,,,,,,,,,,,,,,,,,,,,,,,,
,,,,,,,,,,,,,,,,,,,,,,,,,,,,,,,,,,,,,,,,,,,,,,,,,,,,,,,,,,,,,,,,
,,,,,,,,,,,,,,,,,,,,,,,,,,,,,,,,,,,,,,,,,,,,,,,,,,,,,,,,,,,,,,,,
,,,,,,,,,,,,,,,,,,,,,,,,,,,,,,,,,,,,,,,,,,,,,,,,,,,,,,,,,,,,,,,,
,,,,,,,,,,,,,,,,,,,,,,,,,,,,,,,,,,,,,,,,,,,,,,,,,,,,,,,,,,,,,,,,
,,,,,,,,,,,,,,,,,,,,,,,,,,,,,,,,,,,,,,,,,,,,,,,,,,,,,,,,,,,,,,,,
,,,,,,,,,,,,,,,,,,,,,,,,,,,,,,,,,,,,,,,,,,,,,,,,,,,,,,,,,,,,,,,,
,,,,,,,,,,,,,,,,,,,,,,,,,,,,,,,,,,,,,,,,,,,,,,,,,,,,,,,,,,,,,,,,
,,,,,,,,,,,,,,,,,,,,,,,,,,,,,,,,,,,,,,,,,,,,,,,,,,,,,,,,,,,,,,,,
,,,,,,,,,,,,,,,,,,,,,,,,,,,,,,,,,,,,,,,,,,,,,,,,,,,,,,,,,,,,,,,,
,,,,,,,,,,,,,,,,,,,,,,,,,,,,,,,,,,,,,,,,,,,,,,,,,,,,,,,,,,,,,,,,
,,,,,,,,,,,,,,,,,,,,,,,,,,,,,,,,,,,,,,,,,,,,,,,,,,,,,,,,,,,,,,,,
,,,,,,,,,,,,,,,,,,,,,,,,,,,,,,,,,,,,,,,,,,,,,,,,,,,,,,,,,,,,,,,,
,,,,,,,,,,,,,,,,,,,,,,,,,,,,,,,,,,,,,,,,,,,,,,,,,,,,,,,,,,,,,,,,
,,,,,,,,,,,,,,,,,,,,,,,,,,,,,,,,,,,,,,,,,,,,,,,,,,,,,,,,,,,,,,,,
,,,,,,,,,,,,,,,,,,,,,,,,,,,,,,,,,,,,,,,,,,,,,,,,,,,,,,,,,,,,,,,,
,,,,,,,,,,,,,,,,,,,,,,,,,,,,,,,,,,,,,,,,,,,,,,,,,,,,,,,,,,,,,,,,
,,,,,,,,,,,,,,,,,,,,,,,,,,,,,,,,,,,,,,,,,,,,,,,,,,,,,,,,,,,,,,,,
,,,,,,,,,,,,,,,,,,,,,,,,,,,,,,,,,,,,,,,,,,,,,,,,,,,,,,,,,,,,,,,,
,,,,,,,,,,,,,,,,,,,,,,,,,,,,,,,,,,,,,,,,,,,,,,,,,,,,,,,,,,,,,,,,
,,,,,,,,,,,,,,,,,,,,,,,,,,,,,,,,,,,,,,,,,,,,,,,,,,,,,,,,,,,,,,,,
,,,,,,,,,,,,,,,,,,,,,,,,,,,,,,,,,,,,,,,,,,,,,,,,,,,,,,,,,,,,,,,,
,,,,,,,,,,,,,,,,,,,,,,,,,,,,,,,,,,,,,,,,,,,,,,,,,,,,,,,,,,,,,,,,
,,,,,,,,,,,,,,,,,,,,,,,,,,,,,,,,,,,,,,,,,,,,,,,,,,,,,,,,,,,,,,,,
,,,,,,,,,,,,,,,,,,,,,,,,,,,,,,,,,,,,,,,,,,,,,,,,,,,,,,,,,,,,,,,,
,,,,,,,,,,,,,,,,,,,,,,,,,,,,,,,,,,,,,,,,,,,,,,,,,,,,,,,,,,,,,,,,
,,,,,,,,,,,,,,,,,,,,,,,,,,,,,,,,,,,,,,,,,,,,,,,,,,,,,,,,,,,,,,,,
,,,,,,,,,,,,,,,,,,,,,,,,,,,,,,,,,,,,,,,,,,,,,,,,,,,,,,,,,,,,,,,,
,,,,,,,,,,,,,,,,,,,,,,,,,,,,,,,,,,,,,,,,,,,,,,,,,,,,,,,,,,,,,,,,
,,,,,,,,,,,,,,,,,,,,,,,,,,,,,,,,,,,,,,,,,,,,,,,,,,,,,,,,,,,,,,,,
,,,,,,,,,,,,,,,,,,,,,,,,,,,,,,,,,,,,,,,,,,,,,,,,,,,,,,,,,,,,,,,,
,,,,,,,,,,,,,,,,,,,,,,,,,,,,,,,,,,,,,,,,,,,,,,,,,,,,,,,,,,,,,,,,
,,,,,,,,,,,,,,,,,,,,,,,,,,,,,,,,,,,,,,,,,,,,,,,,,,,,,,,,,,,,,,,,
,,,,,,,,,,,,,,,,,,,,,,,,,,,,,,,,,,,,,,,,,,,,,,,,,,,,,,,,,,,,,,,,
,,,,,,,,,,,,,,,,,,,,,,,,,,,,,,,,,,,,,,,,,,,,,,,,,,,,,,,,,,,,,,,,
,,,,,,,,,,,,,,,,,,,,,,,,,,,,,,,,,,,,,,,,,,,,,,,,,,,,,,,,,,,,,,,,
,,,,,,,,,,,,,,,,,,,,,,,,,,,,,,,,,,,,,,,,,,,,,,,,,,,,,,,,,,,,,,,,
,,,,,,,,,,,,,,,,,,,,,,,,,,,,,,,,,,,,,,,,,,,,,,,,,,,,,,,,,,,,,,,,
,,,,,,,,,,,,,,,,,,,,,,,,,,,,,,,,,,,,,,,,,,,,,,,,,,,,,,,,,,,,,,,,
,,,,,,,,,,,,,,,,,,,,,,,,,,,,,,,,,,,,,,,,,,,,,,,,,,,,,,,,,,,,,,,,
,,,,,,,,,,,,,,,,,,,,,,,,,,,,,,,,,,,,,,,,,,,,,,,,,,,,,,,,,,,,,,,,
,,,,,,,,,,,,,,,,,,,,,,,,,,,,,,,,,,,,,,,,,,,,,,,,,,,,,,,,,,,,,,,,
,,,,,,,,,,,,,,,,,,,,,,,,,,,,,,,,,,,,,,,,,,,,,,,,,,,,,,,,,,,,,,,,
,,,,,,,,,,,,,,,,,,,,,,,,,,,,,,,,,,,,,,,,,,,,,,,,,,,,,,,,,,,,,,,,
,,,,,,,,,,,,,,,,,,,,,,,,,,,,,,,,,,,,,,,,,,,,,,,,,,,,,,,,,,,,,,,,
,,,,,,,,,,,,,,,,,,,,,,,,,,,,,,,,,,,,,,,,,,,,,,,,,,,,,,,,,,,,,,,,
,,,,,,,,,,,,,,,,,,,,,,,,,,,,,,,,,,,,,,,,,,,,,,,,,,,,,,,,,,,,,,,,
,,,,,,,,,,,,,,,,,,,,,,,,,,,,,,,,,,,,,,,,,,,,,,,,,,,,,,,,,,,,,,,,
,,,,,,,,,,,,,,,,,,,,,,,,,,,,,,,,,,,,,,,,,,,,,,,,,,,,,,,,,,,,,,,,
,,,,,,,,,,,,,,,,,,,,,,,,,,,,,,,,,,,,,,,,,,,,,,,,,,,,,,,,,,,,,,,,
,,,,,,,,,,,,,,,,,,,,,,,,,,,,,,,,,,,,,,,,,,,,,,,,,,,,,,,,,,,,,,,,
,,,,,,,,,,,,,,,,,,,,,,,,,,,,,,,,,,,,,,,,,,,,,,,,,,,,,,,,,,,,,,,,
,,,,,,,,,,,,,,,,,,,,,,,,,,,,,,,,,,,,,,,,,,,,,,,,,,,,,,,,,,,,,,,,
,,,,,,,,,,,,,,,,,,,,,,,,,,,,,,,,,,,,,,,,,,,,,,,,,,,,,,,,,,,,,,,,
,,,,,,,,,,,,,,,,,,,,,,,,,,,,,,,,,,,,,,,,,,,,,,,,,,,,,,,,,,,,,,,,
,,,,,,,,,,,,,,,,,,,,,,,,,,,,,,,,,,,,,,,,,,,,,,,,,,,,,,,,,,,,,,,,
,,,,,,,,,,,,,,,,,,,,,,,,,,,,,,,,,,,,,,,,,,,,,,,,,,,,,,,,,,,,,,,,
,,,,,,,,,,,,,,,,,,,,,,,,,,,,,,,,,,,,,,,,,,,,,,,,,,,,,,,,,,,,,,,,
,,,,,,,,,,,,,,,,,,,,,,,,,,,,,,,,,,,,,,,,,,,,,,,,,,,,,,,,,,,,,,,,
,,,,,,,,,,,,,,,,,,,,,,,,,,,,,,,,,,,,,,,,,,,,,,,,,,,,,,,,,,,,,,,,
,,,,,,,,,,,,,,,,,,,,,,,,,,,,,,,,,,,,,,,,,,,,,,,,,,,,,,,,,,,,,,,,
,,,,,,,,,,,,,,,,,,,,,,,,,,,,,,,,,,,,,,,,,,,,,,,,,,,,,,,,,,,,,,,,
,,,,,,,,,,,,,,,,,,,,,,,,,,,,,,,,,,,,,,,,,,,,,,,,,,,,,,,,,,,,,,,,
,,,,,,,,,,,,,,,,,,,,,,,,,,,,,,,,,,,,,,,,,,,,,,,,,,,,,,,,,,,,,,,,
,,,,,,,,,,,,,,,,,,,,,,,,,,,,,,,,,,,,,,,,,,,,,,,,,,,,,,,,,,,,,,,,
,,,,,,,,,,,,,,,,,,,,,,,,,,,,,,,,,,,,,,,,,,,,,,,,,,,,,,,,,,,,,,,,
,,,,,,,,,,,,,,,,,,,,,,,,,,,,,,,,,,,,,,,,,,,,,,,,,,,,,,,,,,,,,,,,
,,,,,,,,,,,,,,,,,,,,,,,,,,,,,,,,,,,,,,,,,,,,,,,,,,,,,,,,,,,,,,,,
,,,,,,,,,,,,,,,,,,,,,,,,,,,,,,,,,,,,,,,,,,,,,,,,,,,,,,,,,,,,,,,,
,,,,,,,,,,,,,,,,,,,,,,,,,,,,,,,,,,,,,,,,,,,,,,,,,,,,,,,,,,,,,,,,
,,,,,,,,,,,,,,,,,,,,,,,,,,,,,,,,,,,,,,,,,,,,,,,,,,,,,,,,,,,,,,,,
,,,,,,,,,,,,,,,,,,,,,,,,,,,,,,,,,,,,,,,,,,,,,,,,,,,,,,,,,,,,,,,,
,,,,,,,,,,,,,,,,,,,,,,,,,,,,,,,,,,,,,,,,,,,,,,,,,,,,,,,,,,,,,,,,
,,,,,,,,,,,,,,,,,,,,,,,,,,,,,,,,,,,,,,,,,,,,,,,,,,,,,,,,,,,,,,,,
,,,,,,,,,,,,,,,,,,,,,,,,,,,,,,,,,,,,,,,,,,,,,,,,,,,,,,,,,,,,,,,,
,,,,,,,,,,,,,,,,,,,,,,,,,,,,,,,,,,,,,,,,,,,,,,,,,,,,,,,,,,,,,,,,
,,,,,,,,,,,,,,,,,,,,,,,,,,,,,,,,,,,,,,,,,,,,,,,,,,,,,,,,,,,,,,,,
,,,,,,,,,,,,,,,,,,,,,,,,,,,,,,,,,,,,,,,,,,,,,,,,,,,,,,,,,,,,,,,,
,,,,,,,,,,,,,,,,,,,,,,,,,,,,,,,,,,,,,,,,,,,,,,,,,,,,,,,,,,,,,,,,
,,,,,,,,,,,,,,,,,,,,,,,,,,,,,,,,,,,,,,,,,,,,,,,,,,,,,,,,,,,,,,,,
,,,,,,,,,,,,,,,,,,,,,,,,,,,,,,,,,,,,,,,,,,,,,,,,,,,,,,,,,,,,,,,,
,,,,,,,,,,,,,,,,,,,,,,,,,,,,,,,,,,,,,,,,,,,,,,,,,,,,,,,,,,,,,,,,
,,,,,,,,,,,,,,,,,,,,,,,,,,,,,,,,,,,,,,,,,,,,,,,,,,,,,,,,,,,,,,,,
,,,,,,,,,,,,,,,,,,,,,,,,,,,,,,,,,,,,,,,,,,,,,,,,,,,,,,,,,,,,,,,,
,,,,,,,,,,,,,,,,,,,,,,,,,,,,,,,,,,,,,,,,,,,,,,,,,,,,,,,,,,,,,,,,
,,,,,,,,,,,,,,,,,,,,,,,,,,,,,,,,,,,,,,,,,,,,,,,,,,,,,,,,,,,,,,,,
,,,,,,,,,,,,,,,,,,,,,,,,,,,,,,,,,,,,,,,,,,,,,,,,,,,,,,,,,,,,,,,,
,,,,,,,,,,,,,,,,,,,,,,,,,,,,,,,,,,,,,,,,,,,,,,,,,,,,,,,,,,,,,,,,
,,,,,,,,,,,,,,,,,,,,,,,,,,,,,,,,,,,,,,,,,,,,,,,,,,,,,,,,,,,,,,,,
,,,,,,,,,,,,,,,,,,,,,,,,,,,,,,,,,,,,,,,,,,,,,,,,,,,,,,,,,,,,,,,,
,,,,,,,,,,,,,,,,,,,,,,,,,,,,,,,,,,,,,,,,,,,,,,,,,,,,,,,,,,,,,,,,
,,,,,,,,,,,,,,,,,,,,,,,,,,,,,,,,,,,,,,,,,,,,,,,,,,,,,,,,,,,,,,,,
,,,,,,,,,,,,,,,,,,,,,,,,,,,,,,,,,,,,,,,,,,,,,,,,,,,,,,,,,,,,,,,,
,,,,,,,,,,,,,,,,,,,,,,,,,,,,,,,,,,,,,,,,,,,,,,,,,,,,,,,,,,,,,,,,
,,,,,,,,,,,,,,,,,,,,,,,,,,,,,,,,,,,,,,,,,,,,,,,,,,,,,,,,,,,,,,,,
,,,,,,,,,,,,,,,,,,,,,,,,,,,,,,,,,,,,,,,,,,,,,,,,,,,,,,,,,,,,,,,,
,,,,,,,,,,,,,,,,,,,,,,,,,,,,,,,,,,,,,,,,,,,,,,,,,,,,,,,,,,,,,,,,
,,,,,,,,,,,,,,,,,,,,,,,,,,,,,,,,,,,,,,,,,,,,,,,,,,,,,,,,,,,,,,,,
,,,,,,,,,,,,,,,,,,,,,,,,,,,,,,,,,,,,,,,,,,,,,,,,,,,,,,,,,,,,,,,,
,,,,,,,,,,,,,,,,,,,,,,,,,,,,,,,,,,,,,,,,,,,,,,,,,,,,,,,,,,,,,,,,
,,,,,,,,,,,,,,,,,,,,,,,,,,,,,,,,,,,,,,,,,,,,,,,,,,,,,,,,,,,,,,,,
,,,,,,,,,,,,,,,,,,,,,,,,,,,,,,,,,,,,,,,,,,,,,,,,,,,,,,,,,,,,,,,,
,,,,,,,,,,,,,,,,,,,,,,,,,,,,,,,,,,,,,,,,,,,,,,,,,,,,,,,,,,,,,,,,
,,,,,,,,,,,,,,,,,,,,,,,,,,,,,,,,,,,,,,,,,,,,,,,,,,,,,,,,,,,,,,,,
,,,,,,,,,,,,,,,,,,,,,,,,,,,,,,,,,,,,,,,,,,,,,,,,,,,,,,,,,,,,,,,,
,,,,,,,,,,,,,,,,,,,,,,,,,,,,,,,,,,,,,,,,,,,,,,,,,,,,,,,,,,,,,,,,
,,,,,,,,,,,,,,,,,,,,,,,,,,,,,,,,,,,,,,,,,,,,,,,,,,,,,,,,,,,,,,,,
,,,,,,,,,,,,,,,,,,,,,,,,,,,,,,,,,,,,,,,,,,,,,,,,,,,,,,,,,,,,,,,,
,,,,,,,,,,,,,,,,,,,,,,,,,,,,,,,,,,,,,,,,,,,,,,,,,,,,,,,,,,,,,,,,
,,,,,,,,,,,,,,,,,,,,,,,,,,,,,,,,,,,,,,,,,,,,,,,,,,,,,,,,,,,,,,,,
,,,,,,,,,,,,,,,,,,,,,,,,,,,,,,,,,,,,,,,,,,,,,,,,,,,,,,,,,,,,,,,,
,,,,,,,,,,,,,,,,,,,,,,,,,,,,,,,,,,,,,,,,,,,,,,,,,,,,,,,,,,,,,,,,
,,,,,,,,,,,,,,,,,,,,,,,,,,,,,,,,,,,,,,,,,,,,,,,,,,,,,,,,,,,,,,,,
,,,,,,,,,,,,,,,,,,,,,,,,,,,,,,,,,,,,,,,,,,,,,,,,,,,,,,,,,,,,,,,,
,,,,,,,,,,,,,,,,,,,,,,,,,,,,,,,,,,,,,,,,,,,,,,,,,,,,,,,,,,,,,,,,
,,,,,,,,,,,,,,,,,,,,,,,,,,,,,,,,,,,,,,,,,,,,,,,,,,,,,,,,,,,,,,,,
,,,,,,,,,,,,,,,,,,,,,,,,,,,,,,,,,,,,,,,,,,,,,,,,,,,,,,,,,,,,,,,,
,,,,,,,,,,,,,,,,,,,,,,,,,,,,,,,,,,,,,,,,,,,,,,,,,,,,,,,,,,,,,,,,
,,,,,,,,,,,,,,,,,,,,,,,,,,,,,,,,,,,,,,,,,,,,,,,,,,,,,,,,,,,,,,,,
,,,,,,,,,,,,,,,,,,,,,,,,,,,,,,,,,,,,,,,,,,,,,,,,,,,,,,,,,,,,,,,,
,,,,,,,,,,,,,,,,,,,,,,,,,,,,,,,,,,,,,,,,,,,,,,,,,,,,,,,,,,,,,,,,
,,,,,,,,,,,,,,,,,,,,,,,,,,,,,,,,,,,,,,,,,,,,,,,,,,,,,,,,,,,,,,,,
,,,,,,,,,,,,,,,,,,,,,,,,,,,,,,,,,,,,,,,,,,,,,,,,,,,,,,,,,,,,,,,,
,,,,,,,,,,,,,,,,,,,,,,,,,,,,,,,,,,,,,,,,,,,,,,,,,,,,,,,,,,,,,,,,
,,,,,,,,,,,,,,,,,,,,,,,,,,,,,,,,,,,,,,,,,,,,,,,,,,,,,,,,,,,,,,,,
,,,,,,,,,,,,,,,,,,,,,,,,,,,,,,,,,,,,,,,,,,,,,,,,,,,,,,,,,,,,,,,,
,,,,,,,,,,,,,,,,,,,,,,,,,,,,,,,,,,,,,,,,,,,,,,,,,,,,,,,,,,,,,,,,
,,,,,,,,,,,,,,,,,,,,,,,,,,,,,,,,,,,,,,,,,,,,,,,,,,,,,,,,,,,,,,,,
,,,,,,,,,,,,,,,,,,,,,,,,,,,,,,,,,,,,,,,,,,,,,,,,,,,,,,,,,,,,,,,,
,,,,,,,,,,,,,,,,,,,,,,,,,,,,,,,,,,,,,,,,,,,,,,,,,,,,,,,,,,,,,,,,
,,,,,,,,,,,,,,,,,,,,,,,,,,,,,,,,,,,,,,,,,,,,,,,,,,,,,,,,,,,,,,,,
,,,,,,,,,,,,,,,,,,,,,,,,,,,,,,,,,,,,,,,,,,,,,,,,,,,,,,,,,,,,,,,,
,,,,,,,,,,,,,,,,,,,,,,,,,,,,,,,,,,,,,,,,,,,,,,,,,,,,,,,,,,,,,,,,
,,,,,,,,,,,,,,,,,,,,,,,,,,,,,,,,,,,,,,,,,,,,,,,,,,,,,,,,,,,,,,,,
,,,,,,,,,,,,,,,,,,,,,,,,,,,,,,,,,,,,,,,,,,,,,,,,,,,,,,,,,,,,,,,,
,,,,,,,,,,,,,,,,,,,,,,,,,,,,,,,,,,,,,,,,,,,,,,,,,,,,,,,,,,,,,,,,
,,,,,,,,,,,,,,,,,,,,,,,,,,,,,,,,,,,,,,,,,,,,,,,,,,,,,,,,,,,,,,,,
,,,,,,,,,,,,,,,,,,,,,,,,,,,,,,,,,,,,,,,,,,,,,,,,,,,,,,,,,,,,,,,,
,,,,,,,,,,,,,,,,,,,,,,,,,,,,,,,,,,,,,,,,,,,,,,,,,,,,,,,,,,,,,,,,
,,,,,,,,,,,,,,,,,,,,,,,,,,,,,,,,,,,,,,,,,,,,,,,,,,,,,,,,,,,,,,,,
,,,,,,,,,,,,,,,,,,,,,,,,,,,,,,,,,,,,,,,,,,,,,,,,,,,,,,,,,,,,,,,,
,,,,,,,,,,,,,,,,,,,,,,,,,,,,,,,,,,,,,,,,,,,,,,,,,,,,,,,,,,,,,,,,
,,,,,,,,,,,,,,,,,,,,,,,,,,,,,,,,,,,,,,,,,,,,,,,,,,,,,,,,,,,,,,,,
,,,,,,,,,,,,,,,,,,,,,,,,,,,,,,,,,,,,,,,,,,,,,,,,,,,,,,,,,,,,,,,,
,,,,,,,,,,,,,,,,,,,,,,,,,,,,,,,,,,,,,,,,,,,,,,,,,,,,,,,,,,,,,,,,
,,,,,,,,,,,,,,,,,,,,,,,,,,,,,,,,,,,,,,,,,,,,,,,,,,,,,,,,,,,,,,,,
,,,,,,,,,,,,,,,,,,,,,,,,,,,,,,,,,,,,,,,,,,,,,,,,,,,,,,,,,,,,,,,,
,,,,,,,,,,,,,,,,,,,,,,,,,,,,,,,,,,,,,,,,,,,,,,,,,,,,,,,,,,,,,,,,
,,,,,,,,,,,,,,,,,,,,,,,,,,,,,,,,,,,,,,,,,,,,,,,,,,,,,,,,,,,,,,,,
,,,,,,,,,,,,,,,,,,,,,,,,,,,,,,,,,,,,,,,,,,,,,,,,,,,,,,,,,,,,,,,,
,,,,,,,,,,,,,,,,,,,,,,,,,,,,,,,,,,,,,,,,,,,,,,,,,,,,,,,,,,,,,,,,
,,,,,,,,,,,,,,,,,,,,,,,,,,,,,,,,,,,,,,,,,,,,,,,,,,,,,,,,,,,,,,,,
,,,,,,,,,,,,,,,,,,,,,,,,,,,,,,,,,,,,,,,,,,,,,,,,,,,,,,,,,,,,,,,,
,,,,,,,,,,,,,,,,,,,,,,,,,,,,,,,,,,,,,,,,,,,,,,,,,,,,,,,,,,,,,,,,
,,,,,,,,,,,,,,,,,,,,,,,,,,,,,,,,,,,,,,,,,,,,,,,,,,,,,,,,,,,,,,,,
,,,,,,,,,,,,,,,,,,,,,,,,,,,,,,,,,,,,,,,,,,,,,,,,,,,,,,,,,,,,,,,,
,,,,,,,,,,,,,,,,,,,,,,,,,,,,,,,,,,,,,,,,,,,,,,,,,,,,,,,,,,,,,,,,
,,,,,,,,,,,,,,,,,,,,,,,,,,,,,,,,,,,,,,,,,,,,,,,,,,,,,,,,,,,,,,,,
,,,,,,,,,,,,,,,,,,,,,,,,,,,,,,,,,,,,,,,,,,,,,,,,,,,,,,,,,,,,,,,,
,,,,,,,,,,,,,,,,,,,,,,,,,,,,,,,,,,,,,,,,,,,,,,,,,,,,,,,,,,,,,,,,
,,,,,,,,,,,,,,,,,,,,,,,,,,,,,,,,,,,,,,,,,,,,,,,,,,,,,,,,,,,,,,,,
,,,,,,,,,,,,,,,,,,,,,,,,,,,,,,,,,,,,,,,,,,,,,,,,,,,,,,,,,,,,,,,,
,,,,,,,,,,,,,,,,,,,,,,,,,,,,,,,,,,,,,,,,,,,,,,,,,,,,,,,,,,,,,,,,
,,,,,,,,,,,,,,,,,,,,,,,,,,,,,,,,,,,,,,,,,,,,,,,,,,,,,,,,,,,,,,,,
,,,,,,,,,,,,,,,,,,,,,,,,,,,,,,,,,,,,,,,,,,,,,,,,,,,,,,,,,,,,,,,,
,,,,,,,,,,,,,,,,,,,,,,,,,,,,,,,,,,,,,,,,,,,,,,,,,,,,,,,,,,,,,,,,
,,,,,,,,,,,,,,,,,,,,,,,,,,,,,,,,,,,,,,,,,,,,,,,,,,,,,,,,,,,,,,,,
,,,,,,,,,,,,,,,,,,,,,,,,,,,,,,,,,,,,,,,,,,,,,,,,,,,,,,,,,,,,,,,,
,,,,,,,,,,,,,,,,,,,,,,,,,,,,,,,,,,,,,,,,,,,,,,,,,,,,,,,,,,,,,,,,
,,,,,,,,,,,,,,,,,,,,,,,,,,,,,,,,,,,,,,,,,,,,,,,,,,,,,,,,,,,,,,,,
,,,,,,,,,,,,,,,,,,,,,,,,,,,,,,,,,,,,,,,,,,,,,,,,,,,,,,,,,,,,,,,,
,,,,,,,,,,,,,,,,,,,,,,,,,,,,,,,,,,,,,,,,,,,,,,,,,,,,,,,,,,,,,,,,
,,,,,,,,,,,,,,,,,,,,,,,,,,,,,,,,,,,,,,,,,,,,,,,,,,,,,,,,,,,,,,,,
,,,,,,,,,,,,,,,,,,,,,,,,,,,,,,,,,,,,,,,,,,,,,,,,,,,,,,,,,,,,,,,,
,,,,,,,,,,,,,,,,,,,,,,,,,,,,,,,,,,,,,,,,,,,,,,,,,,,,,,,,,,,,,,,,